"Zaman damgası","Yaşınız nedir?","Cinsiyetiniz nedir?","Eğitim durumunuz nedir?","Bulunduğunuz bölge hangisidir?","Çalışma durumunuz nedir?","Aylık gelir düzeyiniz nedir?","STK’ların toplum üzerindeki etkisini nasıl değerlendiriyorsunuz?","STK’ların finansman sağlama konusunda en büyük zorluğu nedir?","STK’ların gücünü arttırmak için hangi stratejiler izlenmeli?","Topluma fayda sağlamak adına STK'ların etkisini nasıl görüyorsunuz?","STK’lar gençlerin ilgisini çekmek için ne yapmalı?","Toplumun STK’lara olan güvenini nasıl değerlendiriyorsunuz?","STK'ların kurumsal firmalarla ortak projeler yürütmesini destekliyor musunuz?","STK'ların uluslararası iş birlikleri hakkında ne düşünüyorsunuz?","STK'ların toplumsal bilinç oluşturma konusunda başarısı nedir?","Sizce STK'lar hangi alanlarda daha fazla faaliyet göstermeli?","STK'ların bağımsız ve tarafsız olması gerektiğine inanıyor musunuz?","STK'ların devlet desteklerinden faydalanması hakkında düşünceniz nedir?","STK’ların dijital dünyada daha fazla yer alması gerektiğini düşünüyor musunuz?","Bir STK’ya destek vermeyi tercih ettiğiniz yöntemler hangileridir?","Gönüllü olarak çalışmayı tercih etmenizde aşağıdakilerden hangisi en etkili faktör olur?","Kanser ile mücadele eden bu kuruluşlardan hangilerini tanıyorsunuz?","KİTVAK'ı daha önce duymuş muydunuz?","Bir önceki soruya ""Evet"" cevabını verdiyseniz KİTVAK'ı nereden duydunuz?","KİTVAK’ın logosunu daha önce gördünüz mü?","KİTVAK’ın logosunu gördüğünüzde size ne ifade ediyor?","Sizce bu logo KİTVAK'ın amacını doğrudan aktarıyor mu?","Sizce KİTVAK’ın logosu yenilenmeli mi?","Siz olsaydınız KİTVAK Derneğinin logosunda hangi sembollerin olmasını daha doğru bulurdunuz?"
"2024/12/04 12:05:00 ÖS GMT+3","45-54","Kadın","Doktora","Ege","Çalışıyorum","30.000 TL ve üzeri","Orta düzeyde","Bağış eksikliği","İş birliği artırma;Öğrenci liderliğindeki girişimleri kolaylaştırmalı;Esnek gönüllü seçenekleri sunmalı","Etkili","Dijital katılım iyileştirilmeli;Öğrenci liderliğindeki girişimler kolaylaştırılmalı;Eğitim ortaklıkları geliştirilmeli;Kampüs varlığı güçlendirilmeli;Sosyal medyada daha aktif olunmalı;Gençlik programları oluşturulmalı","Orta seviyede","Evet","Çok önemli","Orta düzeyde","Çevre;Eğitim;Sağlık;İnsan hakları;Hayvan hakları","Evet","Tamamen destekliyorum","Kesinlikle evet","Maddi bağış;Sosyal medyada paylaşım yapmak","Topluma katkıda bulunma","LÖSEV (Lösemili Çocuklar Vakfı);KİTVAK (Kemik İliği Transplantasyon ve Onkoloji Merkezi Kurma ve Geliştirme Vakfı)","Evet","Sosyal medya (Instagram, Facebook, Twitter, LinkedIn vb.)","Evet, hatırlıyorum ve tanıyorum.","Dayanışma ve yardımlaşma","Hayır, logo KİTVAK'ın amacını tam olarak yansıtmıyor.","Kesinlikle evet","DNA sarmalı (KİTVAK’ın bilimsel ve tıbbi kimliğini vurgular)."
"2024/12/04 2:45:38 ÖS GMT+3","55 ve üzeri","Kadın","Üniversite","Ege","Sigorta ","20.000-30.000 TL","Etkili","Devlet desteği azlığı","Gönüllüleri tanıtmalı ve motive etmeli","Çok etkili","Sosyal medyada daha aktif olunmalı","Orta seviyede","Evet","Çok önemli","Orta düzeyde","Çevre;Eğitim;İnsan hakları;Hayvan hakları","Evet","Tamamen destekliyorum","Kesinlikle evet","Maddi bağış;Gönüllü olarak çalışmak;Etkinliklere katılmak","Topluma katkıda bulunma","LÖSEV (Lösemili Çocuklar Vakfı);KİTVAK (Kemik İliği Transplantasyon ve Onkoloji Merkezi Kurma ve Geliştirme Vakfı)","Evet","Diğer sivil toplum kuruluşları veya ortak projeler","Evet, hatırlıyorum ve tanıyorum.","Dayanışma ve yardımlaşma","Evet, logo KİTVAK'ın amacını açıkça yansıtıyor.","Hayır","Açan Çiçek (KİTVAK'ın hastalara sunduğu umut ve iyileşme sürecini vurgular)."
"2024/12/05 2:33:13 ÖS GMT+3","25-34","Erkek","Üniversite","Ege","Çalışıyorum","20.000-30.000 TL","Az etkili","Yönetim sorunları","Daha fazla reklam ve tanıtım yapmalı","Az etkili","Sosyal medyada daha aktif olunmalı","Orta seviyede","Evet","Çok önemli","Başarılı","Sağlık","Evet","Kısmen destekliyorum","Kesinlikle evet","Bilgi paylaşımı veya önerilerde bulunmak","Kişisel gelişim","LÖSEV (Lösemili Çocuklar Vakfı)","Hayır","Hiç duymadım","Hayır, hiç görmedim.","Eğitim ve farkındalık","Hayır, logo KİTVAK'ın amacını tam olarak yansıtmıyor.","Evet","Bir ev veya çatı figürü (barınma, destek vurgusu ve KİTVAK’ın konukevi projelerine atıfta bulunur)."
"2024/12/05 2:33:24 ÖS GMT+3","25-34","Kadın","Üniversite","Ege","Çalışıyorum","10.000-20.000 TL","Orta düzeyde","Devlet desteği azlığı","Daha fazla reklam ve tanıtım yapmalı;İş birliği artırma;Liderliği ve yeniliği teşvik etmeli","Orta düzeyde","Dijital katılım iyileştirilmeli;Etkinlik düzenlenmeli","Az güveniyor","Evet","Çok önemli","Orta düzeyde","Çevre;Sağlık;İnsan hakları;Hayvan hakları","Evet","Tamamen destekliyorum","Kesinlikle evet","Maddi bağış;Sosyal medyada paylaşım yapmak","Topluma katkıda bulunma","LÖSEV (Lösemili Çocuklar Vakfı);Türk Kanser Derneği","Hayır","Hiç duymadım","Hayır, hiç görmedim.","Dayanışma ve yardımlaşma","Evet, logo KİTVAK'ın amacını açıkça yansıtıyor.","Hayır","Elleri içeren bir sembol (hastalara ve ailelerine verilen desteği temsil eder)."
"2024/12/05 2:37:14 ÖS GMT+3","18-24","Erkek","Üniversite","Ege","Öğrenci","5.000-10.000 TL","Orta düzeyde","Devlet desteği azlığı","Daha fazla reklam ve tanıtım yapmalı;Dijital katılımı iyileştirilmeli","Orta düzeyde","Eğitim ortaklıkları geliştirilmeli;Liderliği ve yeniliği teşvik etmeli","Orta seviyede","Kararsızım","Orta düzeyde","Orta düzeyde","Hayvan hakları","Evet","Kısmen destekliyorum","Kesinlikle evet","Gönüllü olarak çalışmak;Etkinliklere katılmak","Kişisel gelişim","LÖSEV (Lösemili Çocuklar Vakfı);KAÇUV (Kanserli Çocuklara Umut Vakfı);Türk Kanser Derneği","Hayır","Hiç duymadım","Hayır, hiç görmedim.","Dayanışma ve yardımlaşma","Kısmen, bazı unsurlar açıklayıcı ama daha fazla netlik eklenebilir.","Evet","DNA sarmalı (KİTVAK’ın bilimsel ve tıbbi kimliğini vurgular)."
"2024/12/05 2:38:50 ÖS GMT+3","18-24","Kadın","Üniversite","Marmara","Sporcu","30.000 TL ve üzeri","Etkili","Devlet desteği azlığı","Dijital katılımı iyileştirilmeli","Etkili","Dijital katılım iyileştirilmeli","Orta seviyede","Evet","Çok önemli","Orta düzeyde","Hayvan hakları","Hayır","Kısmen destekliyorum","Kesinlikle evet","Maddi bağış;Etkinliklere katılmak;Sosyal medyada paylaşım yapmak","Topluma katkıda bulunma","LÖSEV (Lösemili Çocuklar Vakfı);KAÇUV (Kanserli Çocuklara Umut Vakfı)","Hayır","Hiç duymadım","Hayır, hiç görmedim.","Dayanışma ve yardımlaşma","Kısmen, bazı unsurlar açıklayıcı ama daha fazla netlik eklenebilir.","Evet","DNA sarmalı (KİTVAK’ın bilimsel ve tıbbi kimliğini vurgular)."
"2024/12/05 2:40:04 ÖS GMT+3","25-34","Erkek","Yüksek Lisans","Ege","Çalışıyorum","30.000 TL ve üzeri","Etkili","Devlet desteği azlığı","Daha fazla reklam ve tanıtım yapmalı;İş birliği artırma","Etkili","Dijital katılım iyileştirilmeli;Öğrenci liderliğindeki girişimler kolaylaştırılmalı;Eğitim ortaklıkları geliştirilmeli;Kampüs varlığı güçlendirilmeli;Liderliği ve yeniliği teşvik etmeli;Sosyal medyada daha aktif olunmalı","Orta seviyede","Kararsızım","Orta düzeyde","Orta düzeyde","Eğitim;İnsan hakları;Hayvan hakları","Evet","Kısmen destekliyorum","Kesinlikle evet","Bilgi paylaşımı veya önerilerde bulunmak","Sosyal çevre oluşturma","LÖSEV (Lösemili Çocuklar Vakfı);Türk Kanser Derneği;Kanser Savaşçıları Derneği","Hayır","Hiç duymadım","Hayır, hiç görmedim.","Hiçbir şey çağrıştırmıyor","Hayır, logo KİTVAK'ın amacını tam olarak yansıtmıyor.","Evet","Açan Çiçek (KİTVAK'ın hastalara sunduğu umut ve iyileşme sürecini vurgular)."
"2024/12/05 2:45:01 ÖS GMT+3","25-34","Erkek","Lise","Ege","Çalışıyorum","30.000 TL ve üzeri","Etkili","Devlet desteği azlığı","Daha fazla reklam ve tanıtım yapmalı","Çok etkili","Dijital katılım iyileştirilmeli","Çok güveniyor","Evet","Önemli","Başarılı","Eğitim","Evet","Tamamen destekliyorum","Kesinlikle evet","Maddi bağış","Yardım etme isteği","LÖSEV (Lösemili Çocuklar Vakfı)","Hayır","Hiç duymadım","Hayır, hiç görmedim.","Hiçbir şey çağrıştırmıyor","Kısmen, bazı unsurlar açıklayıcı ama daha fazla netlik eklenebilir.","Kararsızım","Elleri içeren bir sembol (hastalara ve ailelerine verilen desteği temsil eder)."
"2024/12/05 2:47:55 ÖS GMT+3","25-34","Erkek","Üniversite","Güneydoğu Anadolu","Çalışıyorum","30.000 TL ve üzeri","Etkili","Yönetim sorunları","Daha fazla reklam ve tanıtım yapmalı;İş birliği artırma;Dijital katılımı iyileştirilmeli;Öğrenci liderliğindeki girişimleri kolaylaştırmalı","Etkili","Kampüs varlığı güçlendirilmeli;Liderliği ve yeniliği teşvik etmeli;Esnek gönüllü seçenekleri sunulmalı;Sosyal medyada daha aktif olunmalı","Güveniyor","Hayır","Orta düzeyde","Başarılı","Sağlık","Hayır","Kısmen destekliyorum","Evet","Gönüllü olarak çalışmak;Sosyal medyada paylaşım yapmak","Topluma katkıda bulunma","LÖSEV (Lösemili Çocuklar Vakfı);KAÇUV (Kanserli Çocuklara Umut Vakfı);Türk Kanser Derneği;Kanser Savaşçıları Derneği","Evet","Hastaneler veya sağlık kuruluşları","Evet, hatırlıyorum ve tanıyorum.","Eğitim ve farkındalık","Evet, logo KİTVAK'ın amacını açıkça yansıtıyor.","Evet","Bir ev veya çatı figürü (barınma, destek vurgusu ve KİTVAK’ın konukevi projelerine atıfta bulunur)."
"2024/12/05 2:49:31 ÖS GMT+3","18-24","Erkek","Üniversite","Ege","Öğrenci","5.000-10.000 TL","Orta düzeyde","Yönetim sorunları","Gönüllüleri tanıtmalı ve motive etmeli","Orta düzeyde","Öğrenci liderliğindeki girişimler kolaylaştırılmalı;Sosyal medyada daha aktif olunmalı;Etkinlik düzenlenmeli","Orta seviyede","Kararsızım","Önemli","Orta düzeyde","Çevre;Eğitim;Sağlık;İnsan hakları;Hayvan hakları","Evet","Kısmen destekliyorum","Evet","Gönüllü olarak çalışmak","Kişisel gelişim","LÖSEV (Lösemili Çocuklar Vakfı)","Hayır","Hiç duymadım","Hayır, hiç görmedim.","Dayanışma ve yardımlaşma","Evet, logo KİTVAK'ın amacını açıkça yansıtıyor.","Hayır","Elleri içeren bir sembol (hastalara ve ailelerine verilen desteği temsil eder)."
"2024/12/05 2:54:05 ÖS GMT+3","18-24","Erkek","Lise","Ege","Çalışıyorum","30.000 TL ve üzeri","Hiç etkili değil","Devlet desteği azlığı","Liderliği ve yeniliği teşvik etmeli","Hiç etkili değil","Sosyal medyada daha aktif olunmalı","Hiç güvenmiyor","Evet","Önemli","Çok başarısız","Çevre;Eğitim;Sağlık;İnsan hakları","Evet","Tamamen destekliyorum","Kesinlikle evet","Maddi bağış;Sosyal medyada paylaşım yapmak","Sosyal çevre oluşturma","LÖSEV (Lösemili Çocuklar Vakfı)","Hayır","Hiç duymadım","Hayır, hiç görmedim.","Sağlık ve şifa","Kısmen, bazı unsurlar açıklayıcı ama daha fazla netlik eklenebilir.","Evet","Elleri içeren bir sembol (hastalara ve ailelerine verilen desteği temsil eder)."
"2024/12/05 2:55:27 ÖS GMT+3","55 ve üzeri","Kadın","Lise","Ege","Çalışıyorum","20.000-30.000 TL","Çok etkili","Kaynak yetersizliği","Daha fazla reklam ve tanıtım yapmalı","Çok etkili","Öğrenci liderliğindeki girişimler kolaylaştırılmalı","Çok güveniyor","Evet","Çok önemli","Çok başarılı","Eğitim","Evet","Tamamen destekliyorum","Kesinlikle evet","Maddi bağış","Yardım etme isteği","LÖSEV (Lösemili Çocuklar Vakfı)","Evet","Sosyal medya (Instagram, Facebook, Twitter, LinkedIn vb.)","Evet, hatırlıyorum ve tanıyorum.","Sağlık ve şifa","Evet, logo KİTVAK'ın amacını açıkça yansıtıyor.","Kesinlikle evet","Elleri içeren bir sembol (hastalara ve ailelerine verilen desteği temsil eder)."
"2024/12/05 2:56:51 ÖS GMT+3","18-24","Erkek","Üniversite","Ege","Çalışıyorum","30.000 TL ve üzeri","Çok etkili","Devlet desteği azlığı","Daha fazla reklam ve tanıtım yapmalı;İş birliği artırma;Dijital katılımı iyileştirilmeli;Eğitim ortaklıkları geliştirilmeli;Kampüs varlığı güçlendirilmeli","Etkili","Eğitim ortaklıkları geliştirilmeli;Kampüs varlığı güçlendirilmeli;Sosyal medyada daha aktif olunmalı;Gençlik programları oluşturulmalı","Orta seviyede","Evet","Çok önemli","Çok başarılı","Çevre;Eğitim;Sağlık;İnsan hakları;Hayvan hakları","Evet","Tamamen destekliyorum","Kesinlikle evet","Maddi bağış;Gönüllü olarak çalışmak;Etkinliklere katılmak;Sosyal medyada paylaşım yapmak;Bilgi paylaşımı veya önerilerde bulunmak","Topluma katkıda bulunma","LÖSEV (Lösemili Çocuklar Vakfı);Türk Kanser Derneği","Hayır","Hiç duymadım","Hayır, hiç görmedim.","Dayanışma ve yardımlaşma","Kısmen, bazı unsurlar açıklayıcı ama daha fazla netlik eklenebilir.","Kararsızım","Açan Çiçek (KİTVAK'ın hastalara sunduğu umut ve iyileşme sürecini vurgular)."
"2024/12/05 2:57:40 ÖS GMT+3","25-34","Erkek","Üniversite","Marmara","Çalışıyorum","30.000 TL ve üzeri","Etkili","Kaynak yetersizliği","İş birliği artırma;Dijital katılımı iyileştirilmeli;Eğitim ortaklıkları geliştirilmeli;Kampüs varlığı güçlendirilmeli","Etkili","Dijital katılım iyileştirilmeli;Kampüs varlığı güçlendirilmeli;Liderliği ve yeniliği teşvik etmeli;Sosyal medyada daha aktif olunmalı;Etkinlik düzenlenmeli;Gençlik programları oluşturulmalı","Güveniyor","Evet","Önemli","Başarılı","Çevre;Eğitim;İnsan hakları","Evet","Kısmen destekliyorum","Kesinlikle evet","Maddi bağış;Gönüllü olarak çalışmak;Etkinliklere katılmak","Topluma katkıda bulunma","LÖSEV (Lösemili Çocuklar Vakfı);KAÇUV (Kanserli Çocuklara Umut Vakfı);Türk Kanser Derneği","Hayır","Hiç duymadım","Hayır, hiç görmedim.","Hiçbir şey çağrıştırmıyor","Hayır, logo KİTVAK'ın amacını tam olarak yansıtmıyor.","Kesinlikle evet","Elleri içeren bir sembol (hastalara ve ailelerine verilen desteği temsil eder)."
"2024/12/05 3:01:35 ÖS GMT+3","25-34","Erkek","Üniversite","Ege","Çalışıyorum","30.000 TL ve üzeri","Az etkili","Bağış eksikliği","İş birliği artırma","Az etkili","Liderliği ve yeniliği teşvik etmeli","Orta seviyede","Evet","Çok önemli","Orta düzeyde","İnsan hakları","Evet","Tamamen destekliyorum","Evet","Gönüllü olarak çalışmak;Etkinliklere katılmak","Topluma katkıda bulunma","LÖSEV (Lösemili Çocuklar Vakfı);Türk Kanser Derneği;KİTVAK (Kemik İliği Transplantasyon ve Onkoloji Merkezi Kurma ve Geliştirme Vakfı);TÜRKÖK (Türkiye Kök Hücre Koordinasyon Merkezi)","Evet","Hastaneler veya sağlık kuruluşları","Evet, hatırlıyorum ve tanıyorum.","Dayanışma ve yardımlaşma","Hayır, logo KİTVAK'ın amacını tam olarak yansıtmıyor.","Evet","DNA sarmalı (KİTVAK’ın bilimsel ve tıbbi kimliğini vurgular)."
"2024/12/05 3:08:42 ÖS GMT+3","35-44","Erkek","Yüksek Lisans","Ege","Çalışıyorum","30.000 TL ve üzeri","Hiç etkili değil","Güven","Eğitim ortaklıkları geliştirilmeli","Az etkili","Dijital katılım iyileştirilmeli;Öğrenci liderliğindeki girişimler kolaylaştırılmalı","Hiç güvenmiyor","Kararsızım","Önemli","Çok başarısız","Çevre;Eğitim;İnsan hakları","Evet","Desteklemiyorum","Evet","Sosyal medyada paylaşım yapmak;Bilgi paylaşımı veya önerilerde bulunmak","Sosyal çevre oluşturma","LÖSEV (Lösemili Çocuklar Vakfı);Türk Kanser Derneği","Hayır","Hiç duymadım","Hayır, hiç görmedim.","Dayanışma ve yardımlaşma","Kısmen, bazı unsurlar açıklayıcı ama daha fazla netlik eklenebilir.","Evet","Elleri içeren bir sembol (hastalara ve ailelerine verilen desteği temsil eder)."
"2024/12/05 3:11:29 ÖS GMT+3","18-24","Erkek","Üniversite","Ege","Öğrenci","10.000-20.000 TL","Orta düzeyde","Yönetim sorunları","Eğitim ortaklıkları geliştirilmeli","Orta düzeyde","Sosyal medyada daha aktif olunmalı","Orta seviyede","Kararsızım","Çok önemli","Orta düzeyde","Eğitim;Sağlık;İnsan hakları","Evet","Tamamen destekliyorum","Kesinlikle evet","Etkinliklere katılmak","Topluma katkıda bulunma","LÖSEV (Lösemili Çocuklar Vakfı)","Hayır","Hiç duymadım","Hayır, hiç görmedim.","Hiçbir şey çağrıştırmıyor","Hayır, logo KİTVAK'ın amacını tam olarak yansıtmıyor.","Kararsızım","Elleri içeren bir sembol (hastalara ve ailelerine verilen desteği temsil eder)."
"2024/12/05 3:26:53 ÖS GMT+3","18-24","Kadın","Üniversite","Marmara","Reklam","5.000-10.000 TL","Orta düzeyde","Kaynak yetersizliği","Daha fazla reklam ve tanıtım yapmalı;İş birliği artırma;Eğitim ortaklıkları geliştirilmeli;Gönüllüleri tanıtmalı ve motive etmeli","Etkili","Dijital katılım iyileştirilmeli;Öğrenci liderliğindeki girişimler kolaylaştırılmalı;Eğitim ortaklıkları geliştirilmeli;Kampüs varlığı güçlendirilmeli;Liderliği ve yeniliği teşvik etmeli;Esnek gönüllü seçenekleri sunulmalı;Sosyal medyada daha aktif olunmalı;Etkinlik düzenlenmeli;Gençlik programları oluşturulmalı","Orta seviyede","Evet","Önemli","Orta düzeyde","Çevre;Eğitim;İnsan hakları","Kararsızım","Kısmen destekliyorum","Kesinlikle evet","Maddi bağış;Etkinliklere katılmak;Sosyal medyada paylaşım yapmak","Sosyal çevre oluşturma","LÖSEV (Lösemili Çocuklar Vakfı);Türk Kanser Derneği","Hayır","Hiç duymadım","Hayır, hiç görmedim.","Dayanışma ve yardımlaşma","Hayır, logo KİTVAK'ın amacını tam olarak yansıtmıyor.","Kesinlikle evet","DNA sarmalı (KİTVAK’ın bilimsel ve tıbbi kimliğini vurgular)."
"2024/12/05 3:27:51 ÖS GMT+3","25-34","Kadın","Üniversite","Ege","Çalışıyorum","30.000 TL ve üzeri","Az etkili","Bağış eksikliği","Daha fazla reklam ve tanıtım yapmalı;İş birliği artırma;Eğitim ortaklıkları geliştirilmeli","Orta düzeyde","Dijital katılım iyileştirilmeli;Öğrenci liderliğindeki girişimler kolaylaştırılmalı;Kampüs varlığı güçlendirilmeli;Sosyal medyada daha aktif olunmalı;Gençlik programları oluşturulmalı","Az güveniyor","Evet","Önemli","Başarılı","Sağlık;İnsan hakları;Hayvan hakları","Evet","Kısmen destekliyorum","Evet","Maddi bağış;Gönüllü olarak çalışmak","Yardım etme isteği","LÖSEV (Lösemili Çocuklar Vakfı);KAÇUV (Kanserli Çocuklara Umut Vakfı);Türk Kanser Derneği;Kanser Savaşçıları Derneği;TÜRKÖK (Türkiye Kök Hücre Koordinasyon Merkezi)","Hayır","Hiç duymadım","Hayır, hiç görmedim.","Eğitim ve farkındalık","Kısmen, bazı unsurlar açıklayıcı ama daha fazla netlik eklenebilir.","Kararsızım","Açan Çiçek (KİTVAK'ın hastalara sunduğu umut ve iyileşme sürecini vurgular)."
"2024/12/05 3:34:28 ÖS GMT+3","55 ve üzeri","Erkek","Üniversite","Ege","Emekli","30.000 TL ve üzeri","Orta düzeyde","Kaynak yetersizliği","İş birliği artırma;Öğrenci liderliğindeki girişimleri kolaylaştırmalı;Eğitim ortaklıkları geliştirilmeli","Orta düzeyde","Öğrenci liderliğindeki girişimler kolaylaştırılmalı;Eğitim ortaklıkları geliştirilmeli;Esnek gönüllü seçenekleri sunulmalı;Etkinlik düzenlenmeli;Gençlik programları oluşturulmalı","Az güveniyor","Evet","Çok önemli","Başarısız","Çevre;Eğitim;Sağlık;İnsan hakları","Evet","Kısmen destekliyorum","Kesinlikle evet","Maddi bağış;Etkinliklere katılmak;Sosyal medyada paylaşım yapmak;Bilgi paylaşımı veya önerilerde bulunmak","Topluma katkıda bulunma","LÖSEV (Lösemili Çocuklar Vakfı);Türk Kanser Derneği;KİTVAK (Kemik İliği Transplantasyon ve Onkoloji Merkezi Kurma ve Geliştirme Vakfı)","Evet","Hastaneler veya sağlık kuruluşları","Hayır, hiç görmedim.","Dayanışma ve yardımlaşma","Kısmen, bazı unsurlar açıklayıcı ama daha fazla netlik eklenebilir.","Kesinlikle evet","Elleri içeren logo merkezinde acan çiçek veya gunes sembolü olabilir."
"2024/12/05 3:54:07 ÖS GMT+3","18-24","Kadın","Üniversite","Ege","Öğrenci","0-5.000 TL","Az etkili","Devlet desteği azlığı","Esnek gönüllü seçenekleri sunmalı","Az etkili","Etkinlik düzenlenmeli","Az güveniyor","Evet","Önemli","Orta düzeyde","Çevre;İnsan hakları","Kararsızım","Tamamen destekliyorum","Evet","Sosyal medyada paylaşım yapmak;Bilgi paylaşımı veya önerilerde bulunmak","Mesleki deneyim kazanma","LÖSEV (Lösemili Çocuklar Vakfı)","Hayır","Hiç duymadım","Hayır, hiç görmedim.","Dayanışma ve yardımlaşma","Kısmen, bazı unsurlar açıklayıcı ama daha fazla netlik eklenebilir.","Evet","DNA sarmalı (KİTVAK’ın bilimsel ve tıbbi kimliğini vurgular)."
"2024/12/05 4:01:54 ÖS GMT+3","25-34","Kadın","Yüksek Lisans","Ege","Çalışıyorum","30.000 TL ve üzeri","Orta düzeyde","Devlet desteği azlığı","Gönüllüleri tanıtmalı ve motive etmeli","Etkili","Etkinlik düzenlenmeli","Orta seviyede","Evet","Çok önemli","Orta düzeyde","Hayvan hakları","Evet","Kısmen destekliyorum","Evet","Maddi bağış;Gönüllü olarak çalışmak;Etkinliklere katılmak","Topluma katkıda bulunma","LÖSEV (Lösemili Çocuklar Vakfı);KAÇUV (Kanserli Çocuklara Umut Vakfı);Türk Kanser Derneği;KİTVAK (Kemik İliği Transplantasyon ve Onkoloji Merkezi Kurma ve Geliştirme Vakfı)","Evet","Hastaneler veya sağlık kuruluşları","Evet, hatırlıyorum ve tanıyorum.","Dayanışma ve yardımlaşma","Evet, logo KİTVAK'ın amacını açıkça yansıtıyor.","Hayır","Elleri içeren bir sembol (hastalara ve ailelerine verilen desteği temsil eder)."
"2024/12/05 4:04:03 ÖS GMT+3","25-34","Erkek","Üniversite","Ege","Personel trainer","30.000 TL ve üzeri","Az etkili","Devlet desteği azlığı","Daha fazla reklam ve tanıtım yapmalı;Öğrenci liderliğindeki girişimleri kolaylaştırmalı;Eğitim ortaklıkları geliştirilmeli","Etkili","Esnek gönüllü seçenekleri sunulmalı;Sosyal medyada daha aktif olunmalı;Etkinlik düzenlenmeli;Gençlik programları oluşturulmalı","Hiç güvenmiyor","Kararsızım","Çok önemli","Orta düzeyde","Çevre;Eğitim;Sağlık;İnsan hakları;Hayvan hakları","Evet","Tamamen destekliyorum","Kesinlikle evet","Etkinliklere katılmak;Sosyal medyada paylaşım yapmak;Bilgi paylaşımı veya önerilerde bulunmak","Topluma katkıda bulunma","LÖSEV (Lösemili Çocuklar Vakfı);Türk Kanser Derneği","Hayır","Hiç duymadım","Hayır, hiç görmedim.","Hiçbir şey çağrıştırmıyor","Hayır, logo KİTVAK'ın amacını tam olarak yansıtmıyor.","Kesinlikle evet","Kalp simgesi (sevgi, şefkat ve yaşamı simgelemek için)."
"2024/12/05 4:10:03 ÖS GMT+3","25-34","Kadın","Yüksek Lisans","Ege","Çalışıyorum","30.000 TL ve üzeri","Orta düzeyde","Yönetim sorunları","İş birliği artırma;Liderliği ve yeniliği teşvik etmeli;Gönüllüleri tanıtmalı ve motive etmeli","Orta düzeyde","Öğrenci liderliğindeki girişimler kolaylaştırılmalı;Liderliği ve yeniliği teşvik etmeli;Esnek gönüllü seçenekleri sunulmalı;Etkinlik düzenlenmeli;Gençlik programları oluşturulmalı","Az güveniyor","Kararsızım","Çok önemli","Orta düzeyde","Çevre;Eğitim;Sağlık;İnsan hakları;Hayvan hakları","Evet","Tamamen destekliyorum","Evet","Maddi bağış;Sosyal medyada paylaşım yapmak","Yardım etme isteği","LÖSEV (Lösemili Çocuklar Vakfı);KAÇUV (Kanserli Çocuklara Umut Vakfı);Türk Kanser Derneği;KİTVAK (Kemik İliği Transplantasyon ve Onkoloji Merkezi Kurma ve Geliştirme Vakfı);Kanser Savaşçıları Derneği;TÜRKÖK (Türkiye Kök Hücre Koordinasyon Merkezi)","Evet","Hastaneler veya sağlık kuruluşları","Evet, hatırlıyorum ve tanıyorum.","Dayanışma ve yardımlaşma","Kısmen, bazı unsurlar açıklayıcı ama daha fazla netlik eklenebilir.","Kararsızım","DNA sarmalı (KİTVAK’ın bilimsel ve tıbbi kimliğini vurgular)."
"2024/12/05 4:45:22 ÖS GMT+3","18-24","Erkek","Üniversite","Ege","Öğrenci","30.000 TL ve üzeri","Az etkili","Kaynak yetersizliği","Dijital katılımı iyileştirilmeli","Etkili","Kampüs varlığı güçlendirilmeli","Az güveniyor","Kararsızım","Orta düzeyde","Başarısız","Eğitim","Evet","Desteklemiyorum","Kesinlikle evet","Maddi bağış","Kişisel gelişim","Türk Kanser Derneği","Evet","Sosyal medya (Instagram, Facebook, Twitter, LinkedIn vb.)","Evet, ama nerede gördüğümü hatırlamıyorum.","Hiçbir şey çağrıştırmıyor","Evet, logo KİTVAK'ın amacını açıkça yansıtıyor.","Evet","Kalp simgesi (sevgi, şefkat ve yaşamı simgelemek için)."
"2024/12/05 4:45:25 ÖS GMT+3","18-24","Kadın","Üniversite","Ege","Öğrenci","10.000-20.000 TL","Orta düzeyde","Yönetim sorunları","İş birliği artırma;Eğitim ortaklıkları geliştirilmeli;Gönüllüleri tanıtmalı ve motive etmeli","Etkili","Öğrenci liderliğindeki girişimler kolaylaştırılmalı;Esnek gönüllü seçenekleri sunulmalı","Güveniyor","Evet","Önemli","Başarılı","Çevre;Eğitim;Sağlık","Hayır","Kısmen destekliyorum","Evet","Maddi bağış;Gönüllü olarak çalışmak;Sosyal medyada paylaşım yapmak;Bilgi paylaşımı veya önerilerde bulunmak","Yardım etme isteği","LÖSEV (Lösemili Çocuklar Vakfı);Türk Kanser Derneği;KİTVAK (Kemik İliği Transplantasyon ve Onkoloji Merkezi Kurma ve Geliştirme Vakfı);Kanser Savaşçıları Derneği","Evet","Sosyal medya (Instagram, Facebook, Twitter, LinkedIn vb.)","Evet, hatırlıyorum ve tanıyorum.","Güven ve profesyonellik","Kısmen, bazı unsurlar açıklayıcı ama daha fazla netlik eklenebilir.","Evet","Bir ev veya çatı figürü (barınma, destek vurgusu ve KİTVAK’ın konukevi projelerine atıfta bulunur)."
"2024/12/05 4:53:00 ÖS GMT+3","25-34","Erkek","Üniversite","Ege","Öğrenci","20.000-30.000 TL","Az etkili","Devlet desteği azlığı","Öğrenci liderliğindeki girişimleri kolaylaştırmalı","Az etkili","Dijital katılım iyileştirilmeli;Öğrenci liderliğindeki girişimler kolaylaştırılmalı;Sosyal medyada daha aktif olunmalı;Gençlik programları oluşturulmalı","Az güveniyor","Evet","Çok önemli","Çok başarısız","İnsan hakları","Evet","Kısmen destekliyorum","Evet","Sosyal medyada paylaşım yapmak","Kişisel gelişim","LÖSEV (Lösemili Çocuklar Vakfı);Türk Kanser Derneği;Kanser Savaşçıları Derneği;TÜRKÖK (Türkiye Kök Hücre Koordinasyon Merkezi)","Hayır","Hiç duymadım","Hayır, hiç görmedim.","Dayanışma ve yardımlaşma","Kısmen, bazı unsurlar açıklayıcı ama daha fazla netlik eklenebilir.","Evet","DNA sarmalı (KİTVAK’ın bilimsel ve tıbbi kimliğini vurgular)."
"2024/12/05 4:58:23 ÖS GMT+3","25-34","Erkek","Üniversite","Ege","Çalışıyorum","20.000-30.000 TL","Orta düzeyde","Devlet desteği azlığı","Eğitim ortaklıkları geliştirilmeli","Orta düzeyde","Sosyal medyada daha aktif olunmalı","Orta seviyede","Evet","Çok önemli","Orta düzeyde","İnsan hakları","Evet","Tamamen destekliyorum","Kesinlikle evet","Bilgi paylaşımı veya önerilerde bulunmak","Topluma katkıda bulunma","LÖSEV (Lösemili Çocuklar Vakfı);Türk Kanser Derneği","Hayır","Hiç duymadım","Hayır, hiç görmedim.","Dayanışma ve yardımlaşma","Evet, logo KİTVAK'ın amacını açıkça yansıtıyor.","Hayır","DNA sarmalı (KİTVAK’ın bilimsel ve tıbbi kimliğini vurgular)."
"2024/12/05 5:05:11 ÖS GMT+3","25-34","Erkek","Üniversite","Marmara","Çalışıyorum","30.000 TL ve üzeri","Orta düzeyde","Devlet desteği azlığı","Daha fazla reklam ve tanıtım yapmalı;İş birliği artırma","Orta düzeyde","Dijital katılım iyileştirilmeli;Öğrenci liderliğindeki girişimler kolaylaştırılmalı","Orta seviyede","Evet","Önemli","Orta düzeyde","Çevre;Eğitim;Sağlık;İnsan hakları;Hayvan hakları","Evet","Kısmen destekliyorum","Evet","Maddi bağış","Yardım etme isteği","LÖSEV (Lösemili Çocuklar Vakfı);Türk Kanser Derneği;Kanser Savaşçıları Derneği","Hayır","Hiç duymadım","Hayır, hiç görmedim.","Dayanışma ve yardımlaşma","Evet, logo KİTVAK'ın amacını açıkça yansıtıyor.","Kararsızım","Elleri içeren bir sembol (hastalara ve ailelerine verilen desteği temsil eder)."
"2024/12/05 5:35:39 ÖS GMT+3","18-24","Erkek","Üniversite","Ege","Çalışıyorum","5.000-10.000 TL","Orta düzeyde","Devlet desteği azlığı","Dijital katılımı iyileştirilmeli","Orta düzeyde","Eğitim ortaklıkları geliştirilmeli","Güveniyor","Evet","Önemli","Orta düzeyde","Sağlık","Evet","Kısmen destekliyorum","Kararsızım","Etkinliklere katılmak","Topluma katkıda bulunma","LÖSEV (Lösemili Çocuklar Vakfı);Türk Kanser Derneği","Hayır","Hiç duymadım","Evet, ama nerede gördüğümü hatırlamıyorum.","Dayanışma ve yardımlaşma","Evet, logo KİTVAK'ın amacını açıkça yansıtıyor.","Kararsızım","Açan Çiçek (KİTVAK'ın hastalara sunduğu umut ve iyileşme sürecini vurgular)."
"2024/12/05 5:36:58 ÖS GMT+3","45-54","Kadın","Üniversite","Ege","Çalışıyorum","30.000 TL ve üzeri","Çok etkili","Kaynak yetersizliği","Daha fazla reklam ve tanıtım yapmalı;Dijital katılımı iyileştirilmeli;Gönüllüleri tanıtmalı ve motive etmeli;","Orta düzeyde","Dijital katılım iyileştirilmeli;Öğrenci liderliğindeki girişimler kolaylaştırılmalı;Eğitim ortaklıkları geliştirilmeli;Kampüs varlığı güçlendirilmeli;Esnek gönüllü seçenekleri sunulmalı;Etkinlik düzenlenmeli;","Orta seviyede","Evet","Önemli","Başarılı","Çevre;Eğitim","Evet","Tamamen destekliyorum","Kesinlikle evet","Maddi bağış;Gönüllü olarak çalışmak;Etkinliklere katılmak;Sosyal medyada paylaşım yapmak;Bilgi paylaşımı veya önerilerde bulunmak;","Topluma katkıda bulunma","LÖSEV (Lösemili Çocuklar Vakfı);KİTVAK (Kemik İliği Transplantasyon ve Onkoloji Merkezi Kurma ve Geliştirme Vakfı)","Evet","Aileden, arkadaşlardan veya tanıdıklardan","Evet, hatırlıyorum ve tanıyorum.","Dayanışma ve yardımlaşma","Evet, logo KİTVAK'ın amacını açıkça yansıtıyor.","Hayır","Elleri içeren bir sembol (hastalara ve ailelerine verilen desteği temsil eder)."
"2024/12/05 5:39:09 ÖS GMT+3","18-24","Erkek","Üniversite","Ege","Öğrenci","0-5.000 TL","Az etkili","Devlet desteği azlığı","Daha fazla reklam ve tanıtım yapmalı;İş birliği artırma","Hiç etkili değil","Dijital katılım iyileştirilmeli;Eğitim ortaklıkları geliştirilmeli;Sosyal medyada daha aktif olunmalı","Orta seviyede","Kararsızım","Önemli","Orta düzeyde","Çevre;Eğitim;Sağlık","Evet","Kısmen destekliyorum","Evet","hiç destek vermeyi düşünmedim","Yardım etme isteği","LÖSEV (Lösemili Çocuklar Vakfı)","Hayır","Hiç duymadım","Hayır, hiç görmedim.","Sağlık ve şifa","Hayır, logo KİTVAK'ın amacını tam olarak yansıtmıyor.","Evet","DNA sarmalı (KİTVAK’ın bilimsel ve tıbbi kimliğini vurgular)."
"2024/12/05 6:19:27 ÖS GMT+3","25-34","Kadın","Üniversite","Ege","Çalışıyorum","30.000 TL ve üzeri","Orta düzeyde","Devlet desteği azlığı","Daha fazla reklam ve tanıtım yapmalı;İş birliği artırma","Az etkili","Liderliği ve yeniliği teşvik etmeli;Esnek gönüllü seçenekleri sunulmalı;Sosyal medyada daha aktif olunmalı;Gençlik programları oluşturulmalı","Orta seviyede","Evet","Çok önemli","Orta düzeyde","Eğitim;Sağlık;İnsan hakları","Evet","Tamamen destekliyorum","Kesinlikle evet","Gönüllü olarak çalışmak;Etkinliklere katılmak;Sosyal medyada paylaşım yapmak;Bilgi paylaşımı veya önerilerde bulunmak","Mesleki deneyim kazanma","LÖSEV (Lösemili Çocuklar Vakfı);KAÇUV (Kanserli Çocuklara Umut Vakfı);Türk Kanser Derneği;KİTVAK (Kemik İliği Transplantasyon ve Onkoloji Merkezi Kurma ve Geliştirme Vakfı)","Evet","Aileden, arkadaşlardan veya tanıdıklardan","Evet, ama nerede gördüğümü hatırlamıyorum.","Dayanışma ve yardımlaşma","Kısmen, bazı unsurlar açıklayıcı ama daha fazla netlik eklenebilir.","Evet","DNA sarmalı (KİTVAK’ın bilimsel ve tıbbi kimliğini vurgular)."
"2024/12/05 6:23:07 ÖS GMT+3","18-24","Erkek","Lise","Marmara","Medya","20.000-30.000 TL","Orta düzeyde","Bağış eksikliği","Daha fazla reklam ve tanıtım yapmalı;Kampüs varlığı güçlendirilmeli;Esnek gönüllü seçenekleri sunmalı","Etkili","Öğrenci liderliğindeki girişimler kolaylaştırılmalı;Kampüs varlığı güçlendirilmeli;Esnek gönüllü seçenekleri sunulmalı;Sosyal medyada daha aktif olunmalı;Gençlik programları oluşturulmalı","Güveniyor","Evet","Önemli","Orta düzeyde","Eğitim;Sağlık;İnsan hakları;Hayvan hakları","Hayır","Kısmen destekliyorum","Evet","Maddi bağış","Yardım etme isteği","LÖSEV (Lösemili Çocuklar Vakfı)","Hayır","Hiç duymadım","Hayır, hiç görmedim.","Dayanışma ve yardımlaşma","Kısmen, bazı unsurlar açıklayıcı ama daha fazla netlik eklenebilir.","Evet","Kalp simgesi (sevgi, şefkat ve yaşamı simgelemek için)."
"2024/12/05 6:30:57 ÖS GMT+3","25-34","Erkek","Üniversite","Ege","Çalışıyorum","30.000 TL ve üzeri","Etkili","Devlet desteği azlığı","Daha fazla reklam ve tanıtım yapmalı;İş birliği artırma;Dijital katılımı iyileştirilmeli;Öğrenci liderliğindeki girişimleri kolaylaştırmalı","Çok etkili","Dijital katılım iyileştirilmeli;Kampüs varlığı güçlendirilmeli;Gençlik programları oluşturulmalı","Orta seviyede","Evet","Önemli","Başarılı","Eğitim;Sağlık;İnsan hakları","Kararsızım","Tamamen destekliyorum","Kesinlikle evet","Maddi bağış;Gönüllü olarak çalışmak","Yardım etme isteği","LÖSEV (Lösemili Çocuklar Vakfı);KAÇUV (Kanserli Çocuklara Umut Vakfı)","Hayır","Hiç duymadım","Hayır, hiç görmedim.","Dayanışma ve yardımlaşma","Hayır, logo KİTVAK'ın amacını tam olarak yansıtmıyor.","Kesinlikle evet","Açan Çiçek (KİTVAK'ın hastalara sunduğu umut ve iyileşme sürecini vurgular)."
"2024/12/05 7:32:15 ÖS GMT+3","18-24","Kadın","Üniversite","Ege","Öğrenci","5.000-10.000 TL","Orta düzeyde","Yönetim sorunları","Daha fazla reklam ve tanıtım yapmalı;İş birliği artırma;Dijital katılımı iyileştirilmeli;Öğrenci liderliğindeki girişimleri kolaylaştırmalı;Eğitim ortaklıkları geliştirilmeli;Kampüs varlığı güçlendirilmeli;Liderliği ve yeniliği teşvik etmeli;Gönüllüleri tanıtmalı ve motive etmeli;Esnek gönüllü seçenekleri sunmalı","Orta düzeyde","Dijital katılım iyileştirilmeli;Öğrenci liderliğindeki girişimler kolaylaştırılmalı;Eğitim ortaklıkları geliştirilmeli;Esnek gönüllü seçenekleri sunulmalı;Sosyal medyada daha aktif olunmalı;Etkinlik düzenlenmeli;Gençlik programları oluşturulmalı","Az güveniyor","Evet","Çok önemli","Orta düzeyde","Çevre;Eğitim;Sağlık;İnsan hakları;Hayvan hakları","Evet","Kısmen destekliyorum","Kesinlikle evet","Maddi bağış;Gönüllü olarak çalışmak","Yardım etme isteği","LÖSEV (Lösemili Çocuklar Vakfı);KAÇUV (Kanserli Çocuklara Umut Vakfı);KİTVAK (Kemik İliği Transplantasyon ve Onkoloji Merkezi Kurma ve Geliştirme Vakfı)","Evet","Hastaneler veya sağlık kuruluşları","Evet, ama nerede gördüğümü hatırlamıyorum.","Dayanışma ve yardımlaşma","Kısmen, bazı unsurlar açıklayıcı ama daha fazla netlik eklenebilir.","Kararsızım","Kalp simgesi (sevgi, şefkat ve yaşamı simgelemek için)."
"2024/12/05 9:57:10 ÖS GMT+3","18-24","Kadın","Üniversite","Marmara","Çalışıyorum","30.000 TL ve üzeri","Az etkili","Devlet desteği azlığı","Eğitim ortaklıkları geliştirilmeli","Orta düzeyde","Öğrenci liderliğindeki girişimler kolaylaştırılmalı;Eğitim ortaklıkları geliştirilmeli","Az güveniyor","Evet","Önemli","Orta düzeyde","Çevre;Eğitim;Sağlık;İnsan hakları;Hayvan hakları","Evet","Kısmen destekliyorum","Evet","Gönüllü olarak çalışmak","Yardım etme isteği","LÖSEV (Lösemili Çocuklar Vakfı)","Hayır","Hiç duymadım","Hayır, hiç görmedim.","Dayanışma ve yardımlaşma","Kısmen, bazı unsurlar açıklayıcı ama daha fazla netlik eklenebilir.","Kararsızım","DNA sarmalı (KİTVAK’ın bilimsel ve tıbbi kimliğini vurgular)."
"2024/12/05 10:37:43 ÖS GMT+3","25-34","Erkek","Üniversite","Ege","Çalışıyorum","30.000 TL ve üzeri","Etkili","Devlet desteği azlığı","Daha fazla reklam ve tanıtım yapmalı","Çok etkili","Dijital katılım iyileştirilmeli","Çok güveniyor","Evet","Çok önemli","Çok başarılı","Hayvan hakları","Evet","Tamamen destekliyorum","Kesinlikle evet","Sosyal medyada paylaşım yapmak","Yardım etme isteği","Türk Kanser Derneği","Evet","Sosyal medya (Instagram, Facebook, Twitter, LinkedIn vb.)","Evet, hatırlıyorum ve tanıyorum.","Eğitim ve farkındalık","Evet, logo KİTVAK'ın amacını açıkça yansıtıyor.","Kesinlikle evet","Elleri içeren bir sembol (hastalara ve ailelerine verilen desteği temsil eder)."
"2024/12/06 12:15:55 ÖÖ GMT+3","35-44","Erkek","Üniversite","İç Anadolu","Çalışıyorum","30.000 TL ve üzeri","Az etkili","Yönetim sorunları","Liderliği ve yeniliği teşvik etmeli","Az etkili","Dijital katılım iyileştirilmeli;Öğrenci liderliğindeki girişimler kolaylaştırılmalı;Eğitim ortaklıkları geliştirilmeli;Kampüs varlığı güçlendirilmeli;Liderliği ve yeniliği teşvik etmeli;Esnek gönüllü seçenekleri sunulmalı;Etkinlik düzenlenmeli;Gençlik programları oluşturulmalı","Hiç güvenmiyor","Evet","Önemli","Başarısız","Çevre;Eğitim;Sağlık;İnsan hakları;Hayvan hakları","Evet","Kısmen destekliyorum","Evet","Sosyal medyada paylaşım yapmak","Topluma katkıda bulunma","LÖSEV (Lösemili Çocuklar Vakfı);Türk Kanser Derneği","Hayır","Hiç duymadım","Hayır, hiç görmedim.","Sağlık ve şifa","Hayır, logo KİTVAK'ın amacını tam olarak yansıtmıyor.","Hayır","Elleri içeren bir sembol (hastalara ve ailelerine verilen desteği temsil eder)."
"2024/12/06 8:06:58 ÖÖ GMT+3","25-34","Erkek","Yüksek Lisans","Ege","EGM","30.000 TL ve üzeri","Etkili","Bağış eksikliği","İş birliği artırma;Dijital katılımı iyileştirilmeli;Gönüllüleri tanıtmalı ve motive etmeli;Esnek gönüllü seçenekleri sunmalı","Etkili","Dijital katılım iyileştirilmeli;Öğrenci liderliğindeki girişimler kolaylaştırılmalı;Eğitim ortaklıkları geliştirilmeli;Gençlik programları oluşturulmalı","Orta seviyede","Evet","Önemli","Orta düzeyde","Eğitim;Sağlık","Evet","Tamamen destekliyorum","Evet","Maddi bağış;Sosyal medyada paylaşım yapmak;Bilgi paylaşımı veya önerilerde bulunmak","Yardım etme isteği","LÖSEV (Lösemili Çocuklar Vakfı)","Hayır","Hiç duymadım","Hayır, hiç görmedim.","Dayanışma ve yardımlaşma","Kısmen, bazı unsurlar açıklayıcı ama daha fazla netlik eklenebilir.","Kesinlikle evet","Kalp simgesi (sevgi, şefkat ve yaşamı simgelemek için)."
"2024/12/06 12:52:14 ÖS GMT+3","25-34","Erkek","Üniversite","Marmara","Çalışıyorum","30.000 TL ve üzeri","Az etkili","Devlet desteği azlığı","İş birliği artırma;Eğitim ortaklıkları geliştirilmeli","Orta düzeyde","Dijital katılım iyileştirilmeli;Kampüs varlığı güçlendirilmeli;Gençlik programları oluşturulmalı","Orta seviyede","Evet","Önemli","Başarısız","Çevre;Eğitim;Sağlık;İnsan hakları;Hayvan hakları","Evet","Tamamen destekliyorum","Kesinlikle evet","Maddi bağış;Gönüllü olarak çalışmak;Etkinliklere katılmak;Bilgi paylaşımı veya önerilerde bulunmak","Sosyal çevre oluşturma","LÖSEV (Lösemili Çocuklar Vakfı);KAÇUV (Kanserli Çocuklara Umut Vakfı);Türk Kanser Derneği;TÜRKÖK (Türkiye Kök Hücre Koordinasyon Merkezi)","Hayır","Hiç duymadım","Hayır, hiç görmedim.","Dayanışma ve yardımlaşma","Kısmen, bazı unsurlar açıklayıcı ama daha fazla netlik eklenebilir.","Kararsızım","DNA sarmalı (KİTVAK’ın bilimsel ve tıbbi kimliğini vurgular)."
"2024/12/06 1:04:28 ÖS GMT+3","45-54","Kadın","Üniversite","Ege","Çalışmıyorum","10.000-20.000 TL","Hiç etkili değil","Yönetim sorunları","Daha fazla reklam ve tanıtım yapmalı","Az etkili","Öğrenci liderliğindeki girişimler kolaylaştırılmalı","Az güveniyor","Evet","Az önemli","Başarısız","İnsan hakları","Evet","Tamamen destekliyorum","Kesinlikle evet","Maddi bağış","Yardım etme isteği","LÖSEV (Lösemili Çocuklar Vakfı)","Hayır","Hiç duymadım","Hayır, hiç görmedim.","Dayanışma ve yardımlaşma","Evet, logo KİTVAK'ın amacını açıkça yansıtıyor.","Hayır","Elleri içeren bir sembol (hastalara ve ailelerine verilen desteği temsil eder)."
"2024/12/06 2:21:22 ÖS GMT+3","55 ve üzeri","Kadın","Ortaokul","Ege","Emekli","5.000-10.000 TL","Orta düzeyde","Devlet desteği azlığı","Öğrenci liderliğindeki girişimleri kolaylaştırmalı;Gönüllüleri tanıtmalı ve motive etmeli","Orta düzeyde","Liderliği ve yeniliği teşvik etmeli;Sosyal medyada daha aktif olunmalı;Gençlik programları oluşturulmalı","Az güveniyor","Evet","Önemli","Orta düzeyde","Çevre;Eğitim;Sağlık;İnsan hakları;Hayvan hakları","Evet","Kısmen destekliyorum","Evet","Sosyal medyada paylaşım yapmak","Topluma katkıda bulunma","LÖSEV (Lösemili Çocuklar Vakfı);KAÇUV (Kanserli Çocuklara Umut Vakfı);Türk Kanser Derneği","Hayır","Hiç duymadım","Evet, ama nerede gördüğümü hatırlamıyorum.","Güven ve profesyonellik","Evet, logo KİTVAK'ın amacını açıkça yansıtıyor.","Kararsızım","Kalp simgesi (sevgi, şefkat ve yaşamı simgelemek için)."
"2024/12/06 2:40:33 ÖS GMT+3","45-54","Kadın","Lise","Ege","Emekli","30.000 TL ve üzeri","Orta düzeyde","Devlet desteği azlığı","Daha fazla reklam ve tanıtım yapmalı;İş birliği artırma;Dijital katılımı iyileştirilmeli;Gönüllüleri tanıtmalı ve motive etmeli","Etkili","Dijital katılım iyileştirilmeli;Öğrenci liderliğindeki girişimler kolaylaştırılmalı;Eğitim ortaklıkları geliştirilmeli;Kampüs varlığı güçlendirilmeli;Liderliği ve yeniliği teşvik etmeli;Esnek gönüllü seçenekleri sunulmalı;Sosyal medyada daha aktif olunmalı;Etkinlik düzenlenmeli;Gençlik programları oluşturulmalı","Orta seviyede","Evet","Orta düzeyde","Orta düzeyde","Çevre;Eğitim;Sağlık;İnsan hakları;Hayvan hakları","Kararsızım","Tamamen destekliyorum","Kesinlikle evet","Maddi bağış;Etkinliklere katılmak;Sosyal medyada paylaşım yapmak","Yardım etme isteği","LÖSEV (Lösemili Çocuklar Vakfı);Türk Kanser Derneği;KİTVAK (Kemik İliği Transplantasyon ve Onkoloji Merkezi Kurma ve Geliştirme Vakfı);TÜRKÖK (Türkiye Kök Hücre Koordinasyon Merkezi)","Evet","Aileden, arkadaşlardan veya tanıdıklardan","Evet, hatırlıyorum ve tanıyorum.","Dayanışma ve yardımlaşma","Evet, logo KİTVAK'ın amacını açıkça yansıtıyor.","Hayır","Bir ev veya çatı figürü (barınma, destek vurgusu ve KİTVAK’ın konukevi projelerine atıfta bulunur)."
"2024/12/06 5:33:50 ÖS GMT+3","35-44","Kadın","Üniversite","Ege","Çalışıyorum","30.000 TL ve üzeri","Az etkili","Devlet desteği azlığı","Daha fazla reklam ve tanıtım yapmalı;Eğitim ortaklıkları geliştirilmeli;Esnek gönüllü seçenekleri sunmalı","Az etkili","Dijital katılım iyileştirilmeli;Öğrenci liderliğindeki girişimler kolaylaştırılmalı;Eğitim ortaklıkları geliştirilmeli;Kampüs varlığı güçlendirilmeli;Esnek gönüllü seçenekleri sunulmalı;Sosyal medyada daha aktif olunmalı;Gençlik programları oluşturulmalı","Orta seviyede","Kararsızım","Çok önemli","Orta düzeyde","Çevre;Eğitim;İnsan hakları;Hayvan hakları","Evet","Tamamen destekliyorum","Kesinlikle evet","Maddi bağış;Sosyal medyada paylaşım yapmak;Bilgi paylaşımı veya önerilerde bulunmak","Topluma katkıda bulunma","LÖSEV (Lösemili Çocuklar Vakfı);Türk Kanser Derneği;KİTVAK (Kemik İliği Transplantasyon ve Onkoloji Merkezi Kurma ve Geliştirme Vakfı);Kanser Savaşçıları Derneği","Evet","Televizyon veya radyo programı","Hayır, hiç görmedim.","Dayanışma ve yardımlaşma","Hayır, logo KİTVAK'ın amacını tam olarak yansıtmıyor.","Evet","DNA sarmalı (KİTVAK’ın bilimsel ve tıbbi kimliğini vurgular)."
"2024/12/06 5:39:51 ÖS GMT+3","25-34","Erkek","Yüksek Lisans","Marmara","Çalışıyorum","30.000 TL ve üzeri","Hiç etkili değil","Bilgim yok","Bilgim yok","Az etkili","Bilgim yok","Az güveniyor","Kararsızım","Önemli","Başarısız","Eğitim;İnsan hakları;Hayvan hakları","Evet","Kısmen destekliyorum","Kararsızım","Bilgim yok","Topluma katkıda bulunma","LÖSEV (Lösemili Çocuklar Vakfı)","Hayır","Hiç duymadım","Hayır, hiç görmedim.","Dayanışma ve yardımlaşma","Hayır, logo KİTVAK'ın amacını tam olarak yansıtmıyor.","Kararsızım","DNA sarmalı (KİTVAK’ın bilimsel ve tıbbi kimliğini vurgular)."
"2024/12/06 6:44:53 ÖS GMT+3","25-34","Erkek","Üniversite","Marmara","Çalışıyorum","30.000 TL ve üzeri","Orta düzeyde","Devlet desteği azlığı","Daha fazla reklam ve tanıtım yapmalı;İş birliği artırma;Eğitim ortaklıkları geliştirilmeli","Orta düzeyde","Dijital katılım iyileştirilmeli;Kampüs varlığı güçlendirilmeli;Sosyal medyada daha aktif olunmalı","Orta seviyede","Kararsızım","Orta düzeyde","Orta düzeyde","Çevre;Eğitim;Sağlık;İnsan hakları","Hayır","Kararsızım","Kararsızım","Etkinliklere katılmak","Kişisel gelişim","LÖSEV (Lösemili Çocuklar Vakfı)","Hayır","Hiç duymadım","Hayır, hiç görmedim.","Sağlık ve şifa","Kısmen, bazı unsurlar açıklayıcı ama daha fazla netlik eklenebilir.","Evet","Elleri içeren bir sembol (hastalara ve ailelerine verilen desteği temsil eder)."
"2024/12/06 9:54:42 ÖS GMT+3","45-54","Kadın","Yüksek Lisans","Ege","Sağlık","30.000 TL ve üzeri","Orta düzeyde","Bağış eksikliği","İş birliği artırma;Eğitim ortaklıkları geliştirilmeli","Orta düzeyde","Öğrenci liderliğindeki girişimler kolaylaştırılmalı;Eğitim ortaklıkları geliştirilmeli;Liderliği ve yeniliği teşvik etmeli","Orta seviyede","Evet","Önemli","Orta düzeyde","Çevre;Eğitim;İnsan hakları","Evet","Kısmen destekliyorum","Evet","Maddi bağış;Sosyal medyada paylaşım yapmak","Topluma katkıda bulunma","LÖSEV (Lösemili Çocuklar Vakfı);Türk Kanser Derneği;KİTVAK (Kemik İliği Transplantasyon ve Onkoloji Merkezi Kurma ve Geliştirme Vakfı);TÜRKÖK (Türkiye Kök Hücre Koordinasyon Merkezi)","Evet","Hastaneler veya sağlık kuruluşları","Evet, ama nerede gördüğümü hatırlamıyorum.","Dayanışma ve yardımlaşma","Kısmen, bazı unsurlar açıklayıcı ama daha fazla netlik eklenebilir.","Kararsızım","Bir ev veya çatı figürü (barınma, destek vurgusu ve KİTVAK’ın konukevi projelerine atıfta bulunur)."
"2024/12/07 12:27:36 ÖÖ GMT+3","55 ve üzeri","Kadın","Yüksek Lisans","Ege","Çalışıyorum","30.000 TL ve üzeri","Etkili","Devlet desteği azlığı","İş birliği artırma;Eğitim ortaklıkları geliştirilmeli;Gönüllüleri tanıtmalı ve motive etmeli;Esnek gönüllü seçenekleri sunmalı","Etkili","Dijital katılım iyileştirilmeli;Öğrenci liderliğindeki girişimler kolaylaştırılmalı;Eğitim ortaklıkları geliştirilmeli;Esnek gönüllü seçenekleri sunulmalı;Sosyal medyada daha aktif olunmalı;Etkinlik düzenlenmeli;Gençlik programları oluşturulmalı","Güveniyor","Evet","Çok önemli","Başarılı","Çevre;Eğitim;Sağlık;İnsan hakları","Evet","Tamamen destekliyorum","Kesinlikle evet","Maddi bağış;Gönüllü olarak çalışmak;Sosyal medyada paylaşım yapmak;Bilgi paylaşımı veya önerilerde bulunmak","Yardım etme isteği","LÖSEV (Lösemili Çocuklar Vakfı);Türk Kanser Derneği;Kanser Savaşçıları Derneği","Hayır","Hiç duymadım","Hayır, hiç görmedim.","Dayanışma ve yardımlaşma","Kısmen, bazı unsurlar açıklayıcı ama daha fazla netlik eklenebilir.","Kararsızım","DNA sarmalı (KİTVAK’ın bilimsel ve tıbbi kimliğini vurgular)."
"2024/12/07 1:04:59 ÖÖ GMT+3","25-34","Erkek","Üniversite","Karadeniz","Çalışıyorum","30.000 TL ve üzeri","Etkili","Bağış eksikliği","Daha fazla reklam ve tanıtım yapmalı;İş birliği artırma;Dijital katılımı iyileştirilmeli;Öğrenci liderliğindeki girişimleri kolaylaştırmalı","Etkili","Dijital katılım iyileştirilmeli;Sosyal medyada daha aktif olunmalı;Etkinlik düzenlenmeli;Gençlik programları oluşturulmalı","Orta seviyede","Evet","Çok önemli","Başarılı","Çevre;Eğitim","Evet","Tamamen destekliyorum","Kesinlikle evet","Maddi bağış","Topluma katkıda bulunma","LÖSEV (Lösemili Çocuklar Vakfı);Türk Kanser Derneği","Hayır","Hiç duymadım","Hayır, hiç görmedim.","Dayanışma ve yardımlaşma","Evet, logo KİTVAK'ın amacını açıkça yansıtıyor.","Hayır","Elleri içeren bir sembol (hastalara ve ailelerine verilen desteği temsil eder)."
"2024/12/07 1:01:29 ÖS GMT+3","25-34","Erkek","Üniversite","Ege","Çalışıyorum","20.000-30.000 TL","Orta düzeyde","Yönetim sorunları","Daha fazla reklam ve tanıtım yapmalı;İş birliği artırma;Dijital katılımı iyileştirilmeli","Az etkili","Öğrenci liderliğindeki girişimler kolaylaştırılmalı;Kampüs varlığı güçlendirilmeli;Sosyal medyada daha aktif olunmalı;Gençlik programları oluşturulmalı","Az güveniyor","Evet","Önemli","Başarılı","Eğitim;Sağlık","Evet","Kısmen destekliyorum","Kesinlikle evet","Maddi bağış;Sosyal medyada paylaşım yapmak","Sosyal çevre oluşturma","LÖSEV (Lösemili Çocuklar Vakfı);Türk Kanser Derneği","Hayır","Hiç duymadım","Hayır, hiç görmedim.","Dayanışma ve yardımlaşma","Kısmen, bazı unsurlar açıklayıcı ama daha fazla netlik eklenebilir.","Evet","DNA sarmalı (KİTVAK’ın bilimsel ve tıbbi kimliğini vurgular)."
"2024/12/07 1:59:24 ÖS GMT+3","25-34","Erkek","Üniversite","Karadeniz","Çalışıyorum","30.000 TL ve üzeri","Orta düzeyde","Kaynak yetersizliği","Öğrenci liderliğindeki girişimleri kolaylaştırmalı","Etkili","Dijital katılım iyileştirilmeli","Güveniyor","Evet","Çok önemli","Başarılı","Hayvan hakları","Evet","Tamamen destekliyorum","Evet","Sosyal medyada paylaşım yapmak","Topluma katkıda bulunma","LÖSEV (Lösemili Çocuklar Vakfı)","Hayır","Hiç duymadım","Hayır, hiç görmedim.","Dayanışma ve yardımlaşma","Evet, logo KİTVAK'ın amacını açıkça yansıtıyor.","Hayır","Elleri içeren bir sembol (hastalara ve ailelerine verilen desteği temsil eder)."
"2024/12/08 4:45:35 ÖS GMT+3","25-34","Erkek","Lise","Ege","Çalışıyorum","20.000-30.000 TL","Çok etkili","Bağış eksikliği","Daha fazla reklam ve tanıtım yapmalı","Çok etkili","Dijital katılım iyileştirilmeli","Çok güveniyor","Evet","Çok önemli","Başarılı","Çevre;Eğitim","Evet","Tamamen destekliyorum","Evet","Maddi bağış;Gönüllü olarak çalışmak","Kişisel gelişim","LÖSEV (Lösemili Çocuklar Vakfı);Türk Kanser Derneği","Hayır","Sosyal medya (Instagram, Facebook, Twitter, LinkedIn vb.)","Hayır, hiç görmedim.","Dayanışma ve yardımlaşma","Evet, logo KİTVAK'ın amacını açıkça yansıtıyor.","Kararsızım","Elleri içeren bir sembol (hastalara ve ailelerine verilen desteği temsil eder)."
"2024/12/09 1:46:20 ÖS GMT+3","35-44","Kadın","Doktora","Akdeniz","Emekli","30.000 TL ve üzeri","Az etkili","Kaynak yetersizliği","İş birliği artırma;Eğitim ortaklıkları geliştirilmeli;Liderliği ve yeniliği teşvik etmeli","Orta düzeyde","Eğitim ortaklıkları geliştirilmeli;Sosyal medyada daha aktif olunmalı","Az güveniyor","Evet","Çok önemli","Orta düzeyde","Çevre;Eğitim;Sağlık;İnsan hakları;Hayvan hakları","Evet","Kısmen destekliyorum","Kesinlikle evet","Sosyal medyada paylaşım yapmak","Sosyal çevre oluşturma","LÖSEV (Lösemili Çocuklar Vakfı)","Hayır","Hiç duymadım","Hayır, hiç görmedim.","Dayanışma ve yardımlaşma","Kısmen, bazı unsurlar açıklayıcı ama daha fazla netlik eklenebilir.","Hayır","Elleri içeren bir sembol (hastalara ve ailelerine verilen desteği temsil eder)."
"2024/12/09 9:37:56 ÖS GMT+3","35-44","Kadın","Lise","Ege","Çalışmıyorum","10.000-20.000 TL","Orta düzeyde","Yönetim sorunları","Kampüs varlığı güçlendirilmeli","Orta düzeyde","Öğrenci liderliğindeki girişimler kolaylaştırılmalı","Güveniyor","Evet","Çok önemli","Orta düzeyde","Eğitim;Sağlık","Kararsızım","Kararsızım","Evet","Etkinliklere katılmak","Mesleki deneyim kazanma","LÖSEV (Lösemili Çocuklar Vakfı);KİTVAK (Kemik İliği Transplantasyon ve Onkoloji Merkezi Kurma ve Geliştirme Vakfı);TÜRKÖK (Türkiye Kök Hücre Koordinasyon Merkezi)","Evet","Üniversiteler veya eğitim kurumları","Evet, hatırlıyorum ve tanıyorum.","Dayanışma ve yardımlaşma","Kısmen, bazı unsurlar açıklayıcı ama daha fazla netlik eklenebilir.","Hayır","DNA sarmalı (KİTVAK’ın bilimsel ve tıbbi kimliğini vurgular)."
"2024/12/09 9:39:57 ÖS GMT+3","45-54","Kadın","Üniversite","Ege","Emekli","30.000 TL ve üzeri","Hiç etkili değil","Yönetim sorunları","Daha fazla reklam ve tanıtım yapmalı;İş birliği artırma;Dijital katılımı iyileştirilmeli;Öğrenci liderliğindeki girişimleri kolaylaştırmalı;Eğitim ortaklıkları geliştirilmeli;Kampüs varlığı güçlendirilmeli;Liderliği ve yeniliği teşvik etmeli;Gönüllüleri tanıtmalı ve motive etmeli;Esnek gönüllü seçenekleri sunmalı","Az etkili","Dijital katılım iyileştirilmeli;Öğrenci liderliğindeki girişimler kolaylaştırılmalı;Eğitim ortaklıkları geliştirilmeli;Kampüs varlığı güçlendirilmeli;Liderliği ve yeniliği teşvik etmeli;Esnek gönüllü seçenekleri sunulmalı;Sosyal medyada daha aktif olunmalı;Etkinlik düzenlenmeli;Gençlik programları oluşturulmalı","Hiç güvenmiyor","Evet","Çok önemli","Çok başarısız","Eğitim;İnsan hakları;Hayvan hakları","Evet","Tamamen destekliyorum","Kesinlikle evet","Maddi bağış;Gönüllü olarak çalışmak;Etkinliklere katılmak","Topluma katkıda bulunma","LÖSEV (Lösemili Çocuklar Vakfı);KİTVAK (Kemik İliği Transplantasyon ve Onkoloji Merkezi Kurma ve Geliştirme Vakfı)","Evet","KİTVAK'ın düzenlediği etkinlikler (bağış kampanyaları, farkındalık günleri, sosyal sorumluluk projeleri)","Evet, hatırlıyorum ve tanıyorum.","Dayanışma ve yardımlaşma","Kısmen, bazı unsurlar açıklayıcı ama daha fazla netlik eklenebilir.","Kesinlikle evet","Açan Çiçek (KİTVAK'ın hastalara sunduğu umut ve iyileşme sürecini vurgular)."
"2024/12/09 10:13:41 ÖS GMT+3","45-54","Kadın","Üniversite","Ege","Ilac firm paz şefi ","20.000-30.000 TL","Etkili","Devlet desteği azlığı","İş birliği artırma;Dijital katılımı iyileştirilmeli;Eğitim ortaklıkları geliştirilmeli;Gönüllüleri tanıtmalı ve motive etmeli;Esnek gönüllü seçenekleri sunmalı","Çok etkili","Dijital katılım iyileştirilmeli;Eğitim ortaklıkları geliştirilmeli;Kampüs varlığı güçlendirilmeli;Sosyal medyada daha aktif olunmalı;Etkinlik düzenlenmeli;Gençlik programları oluşturulmalı","Güveniyor","Kararsızım","Çok önemli","Başarılı","Çevre;Eğitim;Sağlık;İnsan hakları;Hayvan hakları","Evet","Kısmen destekliyorum","Evet","Maddi bağış;Sosyal medyada paylaşım yapmak","Topluma katkıda bulunma","LÖSEV (Lösemili Çocuklar Vakfı);KAÇUV (Kanserli Çocuklara Umut Vakfı);KİTVAK (Kemik İliği Transplantasyon ve Onkoloji Merkezi Kurma ve Geliştirme Vakfı);TÜRKÖK (Türkiye Kök Hücre Koordinasyon Merkezi);Hasta cocuk evleri Türgök Behcet Uz Vakfı Ucim","Evet","KİTVAK'ın düzenlediği etkinlikler (bağış kampanyaları, farkındalık günleri, sosyal sorumluluk projeleri)","Evet, hatırlıyorum ve tanıyorum.","Dayanışma ve yardımlaşma","Evet, logo KİTVAK'ın amacını açıkça yansıtıyor.","Kararsızım","Açan Çiçek (KİTVAK'ın hastalara sunduğu umut ve iyileşme sürecini vurgular)."
"2024/12/10 8:35:16 ÖÖ GMT+3","35-44","Kadın","Lise","Ege","Çalışmıyorum","10.000-20.000 TL","Orta düzeyde","Devlet desteği azlığı","İş birliği artırma","Orta düzeyde","Esnek gönüllü seçenekleri sunulmalı;Sosyal medyada daha aktif olunmalı;Etkinlik düzenlenmeli;Gençlik programları oluşturulmalı","Az güveniyor","Evet","Çok önemli","Orta düzeyde","Eğitim;İnsan hakları","Evet","Tamamen destekliyorum","Evet","Gönüllü olarak çalışmak;Sosyal medyada paylaşım yapmak","Topluma katkıda bulunma","LÖSEV (Lösemili Çocuklar Vakfı);KAÇUV (Kanserli Çocuklara Umut Vakfı);Türk Kanser Derneği;KİTVAK (Kemik İliği Transplantasyon ve Onkoloji Merkezi Kurma ve Geliştirme Vakfı);TÜRKÖK (Türkiye Kök Hücre Koordinasyon Merkezi)","Evet","Aileden, arkadaşlardan veya tanıdıklardan","Evet, hatırlıyorum ve tanıyorum.","Dayanışma ve yardımlaşma","Evet, logo KİTVAK'ın amacını açıkça yansıtıyor.","Hayır","Kalp simgesi (sevgi, şefkat ve yaşamı simgelemek için)."
"2024/12/10 8:55:08 ÖÖ GMT+3","45-54","Kadın","Lise","Ege","Emekli","10.000-20.000 TL","Etkili","Bağış eksikliği","Daha fazla reklam ve tanıtım yapmalı","Etkili","Dijital katılım iyileştirilmeli","Güveniyor","Evet","Önemli","Başarılı","Eğitim","Evet","Tamamen destekliyorum","Kesinlikle evet","Maddi bağış;Etkinliklere katılmak;Sosyal medyada paylaşım yapmak;Bilgi paylaşımı veya önerilerde bulunmak","Yardım etme isteği","LÖSEV (Lösemili Çocuklar Vakfı)","Hayır","Hiç duymadım","Hayır, hiç görmedim.","Dayanışma ve yardımlaşma","Hayır, logo KİTVAK'ın amacını tam olarak yansıtmıyor.","Kesinlikle evet","DNA sarmalı (KİTVAK’ın bilimsel ve tıbbi kimliğini vurgular)."
"2024/12/10 6:25:48 ÖS GMT+3","55 ve üzeri","Kadın","Ortaokul","İç Anadolu","Emekli","10.000-20.000 TL","Orta düzeyde","Bağış eksikliği","Daha fazla reklam ve tanıtım yapmalı;İş birliği artırma;Dijital katılımı iyileştirilmeli;Gönüllüleri tanıtmalı ve motive etmeli;Esnek gönüllü seçenekleri sunmalı","Az etkili","Öğrenci liderliğindeki girişimler kolaylaştırılmalı;Kampüs varlığı güçlendirilmeli;Esnek gönüllü seçenekleri sunulmalı;Sosyal medyada daha aktif olunmalı;Gençlik programları oluşturulmalı","Hiç güvenmiyor","Evet","Çok önemli","Başarısız","Çevre;Eğitim;Sağlık;İnsan hakları;Hayvan hakları","Evet","Kısmen destekliyorum","Evet","Sosyal medyada paylaşım yapmak","Yardım etme isteği","LÖSEV (Lösemili Çocuklar Vakfı);Türk Kanser Derneği","Hayır","Hiç duymadım","Hayır, hiç görmedim.","Dayanışma ve yardımlaşma","Kısmen, bazı unsurlar açıklayıcı ama daha fazla netlik eklenebilir.","Hayır","Bir ev veya çatı figürü (barınma, destek vurgusu ve KİTVAK’ın konukevi projelerine atıfta bulunur)."
"2024/12/11 10:51:30 ÖÖ GMT+3","35-44","Kadın","Üniversite","Ege","Çalışıyorum","30.000 TL ve üzeri","Hiç etkili değil","Yönetim sorunları","Daha fazla reklam ve tanıtım yapmalı","Hiç etkili değil","Sosyal medyada daha aktif olunmalı;Gençlik programları oluşturulmalı","Hiç güvenmiyor","Kararsızım","Az önemli","Başarısız","Eğitim;Sağlık","Evet","Tamamen destekliyorum","Kesinlikle evet","Sosyal medyada paylaşım yapmak;Bilgi paylaşımı veya önerilerde bulunmak","Yardım etme isteği","LÖSEV (Lösemili Çocuklar Vakfı);Türk Kanser Derneği","Hayır","Hiç duymadım","Hayır, hiç görmedim.","Hiçbir şey çağrıştırmıyor","Hayır, logo KİTVAK'ın amacını tam olarak yansıtmıyor.","Kararsızım","Kalp simgesi (sevgi, şefkat ve yaşamı simgelemek için)."
"2024/12/11 10:51:45 ÖÖ GMT+3","45-54","Kadın","Üniversite","Ege","Çalışıyorum","30.000 TL ve üzeri","Az etkili","Devlet desteği azlığı","İş birliği artırma;Dijital katılımı iyileştirilmeli","Az etkili","Dijital katılım iyileştirilmeli","Az güveniyor","Evet","Önemli","Başarısız","İnsan hakları","Evet","Tamamen destekliyorum","Kesinlikle evet","Maddi bağış","Yardım etme isteği","LÖSEV (Lösemili Çocuklar Vakfı);Türk Kanser Derneği;Kanser Savaşçıları Derneği","Hayır","Hastaneler veya sağlık kuruluşları","Hayır, hiç görmedim.","Dayanışma ve yardımlaşma","Evet, logo KİTVAK'ın amacını açıkça yansıtıyor.","Hayır","Elleri içeren bir sembol (hastalara ve ailelerine verilen desteği temsil eder)."
"2024/12/11 10:59:39 ÖÖ GMT+3","25-34","Erkek","Üniversite","Ege","Çalışıyorum","30.000 TL ve üzeri","Hiç etkili değil","Yönetim sorunları","Liderliği ve yeniliği teşvik etmeli","Hiç etkili değil","Dijital katılım iyileştirilmeli","Hiç güvenmiyor","Evet","Çok önemli","Başarısız","İnsan hakları;Hayvan hakları","Evet","Tamamen destekliyorum","Kesinlikle evet","Gönüllü olarak çalışmak","Topluma katkıda bulunma","LÖSEV (Lösemili Çocuklar Vakfı);Kanser Savaşçıları Derneği","Hayır","Hiç duymadım","Evet, ama nerede gördüğümü hatırlamıyorum.","Dayanışma ve yardımlaşma","Evet, logo KİTVAK'ın amacını açıkça yansıtıyor.","Hayır","Kalp simgesi (sevgi, şefkat ve yaşamı simgelemek için)."
"2024/12/11 11:01:54 ÖÖ GMT+3","45-54","Kadın","Üniversite","Ege","Çalışıyorum","30.000 TL ve üzeri","Çok etkili","Devlet desteği azlığı","Daha fazla reklam ve tanıtım yapmalı;İş birliği artırma;Dijital katılımı iyileştirilmeli;Eğitim ortaklıkları geliştirilmeli;Gönüllüleri tanıtmalı ve motive etmeli;Esnek gönüllü seçenekleri sunmalı","Çok etkili","Dijital katılım iyileştirilmeli;Öğrenci liderliğindeki girişimler kolaylaştırılmalı;Eğitim ortaklıkları geliştirilmeli;Kampüs varlığı güçlendirilmeli;Esnek gönüllü seçenekleri sunulmalı;Sosyal medyada daha aktif olunmalı;Gençlik programları oluşturulmalı","Orta seviyede","Evet","Çok önemli","Çok başarılı","Çevre;Eğitim;Sağlık;İnsan hakları;Hayvan hakları","Evet","Tamamen destekliyorum","Kesinlikle evet","Maddi bağış;Gönüllü olarak çalışmak;Sosyal medyada paylaşım yapmak","Topluma katkıda bulunma","LÖSEV (Lösemili Çocuklar Vakfı);Türk Kanser Derneği;KİTVAK (Kemik İliği Transplantasyon ve Onkoloji Merkezi Kurma ve Geliştirme Vakfı)","Evet","Üniversiteler veya eğitim kurumları","Evet, ama nerede gördüğümü hatırlamıyorum.","Güven ve profesyonellik","Kısmen, bazı unsurlar açıklayıcı ama daha fazla netlik eklenebilir.","Kesinlikle evet","DNA sarmalı (KİTVAK’ın bilimsel ve tıbbi kimliğini vurgular)."
"2024/12/11 11:06:41 ÖÖ GMT+3","45-54","Kadın","Üniversite","Ege","Emekli","10.000-20.000 TL","Az etkili","Devlet desteği azlığı","İş birliği artırma;Dijital katılımı iyileştirilmeli;Eğitim ortaklıkları geliştirilmeli;Liderliği ve yeniliği teşvik etmeli;Gönüllüleri tanıtmalı ve motive etmeli;Esnek gönüllü seçenekleri sunmalı","Orta düzeyde","Dijital katılım iyileştirilmeli;Sosyal medyada daha aktif olunmalı;Gençlik programları oluşturulmalı","Az güveniyor","Evet","Çok önemli","Orta düzeyde","Çevre;Eğitim","Evet","Tamamen destekliyorum","Kesinlikle evet","Maddi bağış","Yardım etme isteği","LÖSEV (Lösemili Çocuklar Vakfı);KAÇUV (Kanserli Çocuklara Umut Vakfı);KİTVAK (Kemik İliği Transplantasyon ve Onkoloji Merkezi Kurma ve Geliştirme Vakfı);TÜRKÖK (Türkiye Kök Hücre Koordinasyon Merkezi)","Evet","Haberler veya basın yayın organları (gazete, dergi, internet haber siteleri)","Hayır, hiç görmedim.","Dayanışma ve yardımlaşma","Kısmen, bazı unsurlar açıklayıcı ama daha fazla netlik eklenebilir.","Evet","Bir ev veya çatı figürü (barınma, destek vurgusu ve KİTVAK’ın konukevi projelerine atıfta bulunur)."
"2024/12/11 11:14:38 ÖÖ GMT+3","45-54","Kadın","Yüksek Lisans","İç Anadolu","Çalışıyorum","30.000 TL ve üzeri","Az etkili","Devlet desteği azlığı","Daha fazla reklam ve tanıtım yapmalı;İş birliği artırma;Dijital katılımı iyileştirilmeli;Öğrenci liderliğindeki girişimleri kolaylaştırmalı;Eğitim ortaklıkları geliştirilmeli;Kampüs varlığı güçlendirilmeli;Liderliği ve yeniliği teşvik etmeli;Gönüllüleri tanıtmalı ve motive etmeli;Esnek gönüllü seçenekleri sunmalı;","Az etkili","Dijital katılım iyileştirilmeli;Öğrenci liderliğindeki girişimler kolaylaştırılmalı;Eğitim ortaklıkları geliştirilmeli;Kampüs varlığı güçlendirilmeli;Liderliği ve yeniliği teşvik etmeli;Esnek gönüllü seçenekleri sunulmalı;Sosyal medyada daha aktif olunmalı;Etkinlik düzenlenmeli;Gençlik programları oluşturulmalı;","Orta seviyede","Kararsızım","Orta düzeyde","Orta düzeyde","Çevre;Eğitim;Sağlık;İnsan hakları;Hayvan hakları;Kadın Hakları Adalet Eşitlik Ekonomk Sorunlar  Teknoloji ","Evet","Kısmen destekliyorum","Kesinlikle evet","Maddi bağış;Sosyal medyada paylaşım yapmak","Topluma katkıda bulunma","LÖSEV (Lösemili Çocuklar Vakfı);KAÇUV (Kanserli Çocuklara Umut Vakfı);Türk Kanser Derneği;KİTVAK (Kemik İliği Transplantasyon ve Onkoloji Merkezi Kurma ve Geliştirme Vakfı);Kanser Savaşçıları Derneği;TÜRKÖK (Türkiye Kök Hücre Koordinasyon Merkezi)","Evet","Televizyon veya radyo programı","Evet, ama nerede gördüğümü hatırlamıyorum.","Dayanışma ve yardımlaşma","Hayır, logo KİTVAK'ın amacını tam olarak yansıtmıyor.","Kesinlikle evet","Kemik iligi modeli yardim temasi icine yerlestirebilir "
"2024/12/11 11:45:27 ÖÖ GMT+3","45-54","Kadın","Üniversite","Ege","Emekli","30.000 TL ve üzeri","Çok etkili","Kaynak yetersizliği","Liderliği ve yeniliği teşvik etmeli","Çok etkili","Öğrenci liderliğindeki girişimler kolaylaştırılmalı","Güveniyor","Evet","Çok önemli","Başarılı","Eğitim","Evet","Tamamen destekliyorum","Evet","Maddi bağış;Etkinliklere katılmak","Topluma katkıda bulunma","LÖSEV (Lösemili Çocuklar Vakfı);KİTVAK (Kemik İliği Transplantasyon ve Onkoloji Merkezi Kurma ve Geliştirme Vakfı)","Evet","Hastaneler veya sağlık kuruluşları","Evet, hatırlıyorum ve tanıyorum.","Sağlık ve şifa","Evet, logo KİTVAK'ın amacını açıkça yansıtıyor.","Hayır","Elleri içeren bir sembol (hastalara ve ailelerine verilen desteği temsil eder)."
"2024/12/11 11:50:09 ÖÖ GMT+3","35-44","Kadın","Yüksek Lisans","Ege","Çalışmıyorum","20.000-30.000 TL","Orta düzeyde","Kaynak yetersizliği","Daha fazla reklam ve tanıtım yapmalı;İş birliği artırma;Öğrenci liderliğindeki girişimleri kolaylaştırmalı;Eğitim ortaklıkları geliştirilmeli","Orta düzeyde","Eğitim ortaklıkları geliştirilmeli;Kampüs varlığı güçlendirilmeli","Az güveniyor","Kararsızım","Orta düzeyde","Orta düzeyde","Çevre;Eğitim;Sağlık;İnsan hakları;Hayvan hakları","Evet","Tamamen destekliyorum","Kesinlikle evet","Maddi bağış;Sosyal medyada paylaşım yapmak;Bilgi paylaşımı veya önerilerde bulunmak","Topluma katkıda bulunma","LÖSEV (Lösemili Çocuklar Vakfı);Türk Kanser Derneği;Kanser Savaşçıları Derneği;TÜRKÖK (Türkiye Kök Hücre Koordinasyon Merkezi)","Hayır","Hiç duymadım","Hayır, hiç görmedim.","Hiçbir şey çağrıştırmıyor","Kısmen, bazı unsurlar açıklayıcı ama daha fazla netlik eklenebilir.","Kararsızım","Açan Çiçek (KİTVAK'ın hastalara sunduğu umut ve iyileşme sürecini vurgular)."
"2024/12/11 12:09:17 ÖS GMT+3","45-54","Kadın","Lise","Ege","Emekli","10.000-20.000 TL","Çok etkili","Devlet desteği azlığı","Öğrenci liderliğindeki girişimleri kolaylaştırmalı;Kampüs varlığı güçlendirilmeli;Gönüllüleri tanıtmalı ve motive etmeli","Çok etkili","Öğrenci liderliğindeki girişimler kolaylaştırılmalı;Gençlik programları oluşturulmalı","Orta seviyede","Evet","Hiç önemli değil","Orta düzeyde","Eğitim;İnsan hakları","Evet","Kısmen destekliyorum","Kararsızım","Gönüllü olarak çalışmak","Topluma katkıda bulunma","LÖSEV (Lösemili Çocuklar Vakfı);Türk Kanser Derneği","Hayır","Hiç duymadım","Hayır, hiç görmedim.","Sağlık ve şifa","Evet, logo KİTVAK'ın amacını açıkça yansıtıyor.","Hayır","Bir ev veya çatı figürü (barınma, destek vurgusu ve KİTVAK’ın konukevi projelerine atıfta bulunur)."
"2024/12/11 12:29:56 ÖS GMT+3","35-44","Kadın","Üniversite","Ege","Çalışıyorum","30.000 TL ve üzeri","Etkili","Devlet desteği azlığı","İş birliği artırma","Çok etkili","Sosyal medyada daha aktif olunmalı","Güveniyor","Evet","Önemli","Başarılı","İnsan hakları","Evet","Tamamen destekliyorum","Kesinlikle evet","Maddi bağış","Topluma katkıda bulunma","LÖSEV (Lösemili Çocuklar Vakfı);Türk Kanser Derneği","Hayır","Hiç duymadım","Hayır, hiç görmedim.","Dayanışma ve yardımlaşma","Kısmen, bazı unsurlar açıklayıcı ama daha fazla netlik eklenebilir.","Evet","Açan Çiçek (KİTVAK'ın hastalara sunduğu umut ve iyileşme sürecini vurgular)."
"2024/12/11 12:47:34 ÖS GMT+3","45-54","Kadın","Üniversite","Ege","Çalışıyorum","30.000 TL ve üzeri","Etkili","Kaynak yetersizliği","Daha fazla reklam ve tanıtım yapmalı;İş birliği artırma;Eğitim ortaklıkları geliştirilmeli","Etkili","Liderliği ve yeniliği teşvik etmeli;Sosyal medyada daha aktif olunmalı;Gençlik programları oluşturulmalı","Güveniyor","Evet","Önemli","Başarılı","Çevre;Eğitim;İnsan hakları","Evet","Tamamen destekliyorum","Kesinlikle evet","Maddi bağış;Gönüllü olarak çalışmak;Etkinliklere katılmak;Sosyal medyada paylaşım yapmak;Bilgi paylaşımı veya önerilerde bulunmak","Topluma katkıda bulunma","LÖSEV (Lösemili Çocuklar Vakfı);KİTVAK (Kemik İliği Transplantasyon ve Onkoloji Merkezi Kurma ve Geliştirme Vakfı)","Evet","KİTVAK'ın düzenlediği etkinlikler (bağış kampanyaları, farkındalık günleri, sosyal sorumluluk projeleri)","Evet, hatırlıyorum ve tanıyorum.","Dayanışma ve yardımlaşma","Kısmen, bazı unsurlar açıklayıcı ama daha fazla netlik eklenebilir.","Kararsızım","DNA sarmalı (KİTVAK’ın bilimsel ve tıbbi kimliğini vurgular)."
"2024/12/11 1:00:25 ÖS GMT+3","55 ve üzeri","Kadın","Lise","Marmara","Emekli","30.000 TL ve üzeri","Orta düzeyde","Kaynak yetersizliği","İş birliği artırma;Eğitim ortaklıkları geliştirilmeli","Orta düzeyde","Dijital katılım iyileştirilmeli;Kampüs varlığı güçlendirilmeli;Sosyal medyada daha aktif olunmalı","Orta seviyede","Evet","Önemli","Orta düzeyde","Eğitim;Sağlık;İnsan hakları;Hayvan hakları","Evet","Tamamen destekliyorum","Evet","Gönüllü olarak çalışmak;Etkinliklere katılmak","Yardım etme isteği","LÖSEV (Lösemili Çocuklar Vakfı);KAÇUV (Kanserli Çocuklara Umut Vakfı);Türk Kanser Derneği;Kanser Savaşçıları Derneği","Hayır","Hiç duymadım","Hayır, hiç görmedim.","Dayanışma ve yardımlaşma","Kısmen, bazı unsurlar açıklayıcı ama daha fazla netlik eklenebilir.","Kararsızım","Elleri içeren bir sembol (hastalara ve ailelerine verilen desteği temsil eder)."
"2024/12/11 2:17:26 ÖS GMT+3","45-54","Kadın","Üniversite","Ege","Stk","30.000 TL ve üzeri","Orta düzeyde","Kaynak yetersizliği","İş birliği artırma","Orta düzeyde","Liderliği ve yeniliği teşvik etmeli;Gençlik programları oluşturulmalı","Orta seviyede","Evet","Çok önemli","Orta düzeyde","Çevre;Eğitim","Evet","Tamamen destekliyorum","Kesinlikle evet","Bilgi paylaşımı veya önerilerde bulunmak","Topluma katkıda bulunma","LÖSEV (Lösemili Çocuklar Vakfı);Türk Kanser Derneği;KİTVAK (Kemik İliği Transplantasyon ve Onkoloji Merkezi Kurma ve Geliştirme Vakfı);Kanser Savaşçıları Derneği","Evet","KİTVAK'ın düzenlediği etkinlikler (bağış kampanyaları, farkındalık günleri, sosyal sorumluluk projeleri)","Evet, hatırlıyorum ve tanıyorum.","Dayanışma ve yardımlaşma","Evet, logo KİTVAK'ın amacını açıkça yansıtıyor.","Hayır","Logo yeterli"
"2024/12/11 4:44:36 ÖS GMT+3","45-54","Kadın","Üniversite","Ege","Çalışıyorum","30.000 TL ve üzeri","Etkili","Kaynak yetersizliği","İş birliği artırma;Dijital katılımı iyileştirilmeli;Kampüs varlığı güçlendirilmeli","Çok etkili","Dijital katılım iyileştirilmeli;Öğrenci liderliğindeki girişimler kolaylaştırılmalı;Kampüs varlığı güçlendirilmeli;Gençlik programları oluşturulmalı","Orta seviyede","Evet","Çok önemli","Başarılı","Çevre;Sağlık;İnsan hakları","Evet","Kısmen destekliyorum","Kesinlikle evet","Gönüllü olarak çalışmak;Etkinliklere katılmak;Sosyal medyada paylaşım yapmak;Bilgi paylaşımı veya önerilerde bulunmak","Topluma katkıda bulunma","LÖSEV (Lösemili Çocuklar Vakfı);Türk Kanser Derneği;KİTVAK (Kemik İliği Transplantasyon ve Onkoloji Merkezi Kurma ve Geliştirme Vakfı)","Evet","Haberler veya basın yayın organları (gazete, dergi, internet haber siteleri)","Hayır, hiç görmedim.","Dayanışma ve yardımlaşma","Evet, logo KİTVAK'ın amacını açıkça yansıtıyor.","Hayır","DNA sarmalı (KİTVAK’ın bilimsel ve tıbbi kimliğini vurgular)."
"2024/12/12 9:15:36 ÖÖ GMT+3","45-54","Kadın","Yüksek Lisans","Ege","Çalışıyorum","30.000 TL ve üzeri","Çok etkili","Devlet desteği azlığı","Daha fazla reklam ve tanıtım yapmalı;Dijital katılımı iyileştirilmeli;Eğitim ortaklıkları geliştirilmeli","Etkili","Sosyal medyada daha aktif olunmalı;Gençlik programları oluşturulmalı","Güveniyor","Evet","Çok önemli","Başarılı","Çevre;Eğitim;Sağlık;İnsan hakları;Hayvan hakları","Evet","Tamamen destekliyorum","Kesinlikle evet","Maddi bağış;Gönüllü olarak çalışmak;Etkinliklere katılmak;Sosyal medyada paylaşım yapmak;Bilgi paylaşımı veya önerilerde bulunmak","Topluma katkıda bulunma","LÖSEV (Lösemili Çocuklar Vakfı);Türk Kanser Derneği","Hayır","Hiç duymadım","Hayır, hiç görmedim.","Dayanışma ve yardımlaşma","Kısmen, bazı unsurlar açıklayıcı ama daha fazla netlik eklenebilir.","Evet","Bilmiyorum ama bunlar değil "
"2024/12/12 11:01:05 ÖÖ GMT+3","25-34","Erkek","Üniversite","Marmara","Çalışıyorum","30.000 TL ve üzeri","Etkili","Kaynak yetersizliği","Eğitim ortaklıkları geliştirilmeli","Orta düzeyde","Etkinlik düzenlenmeli","Az güveniyor","Kararsızım","Önemli","Orta düzeyde","Çevre;İnsan hakları;Hayvan hakları","Evet","Kısmen destekliyorum","Evet","Gönüllü olarak çalışmak","Yardım etme isteği","LÖSEV (Lösemili Çocuklar Vakfı);KAÇUV (Kanserli Çocuklara Umut Vakfı);KİTVAK (Kemik İliği Transplantasyon ve Onkoloji Merkezi Kurma ve Geliştirme Vakfı);TÜRKÖK (Türkiye Kök Hücre Koordinasyon Merkezi)","Hayır","Hiç duymadım","Evet, ama nerede gördüğümü hatırlamıyorum.","Dayanışma ve yardımlaşma","Hayır, logo KİTVAK'ın amacını tam olarak yansıtmıyor.","Kesinlikle evet","Kalp simgesi (sevgi, şefkat ve yaşamı simgelemek için)."
"2024/12/12 5:45:17 ÖS GMT+3","18-24","Kadın","Üniversite","Marmara","Çalışıyorum","10.000-20.000 TL","Orta düzeyde","Bağış eksikliği","İş birliği artırma;Dijital katılımı iyileştirilmeli;Öğrenci liderliğindeki girişimleri kolaylaştırmalı;Eğitim ortaklıkları geliştirilmeli;Gönüllüleri tanıtmalı ve motive etmeli","Çok etkili","Dijital katılım iyileştirilmeli;Kampüs varlığı güçlendirilmeli;Esnek gönüllü seçenekleri sunulmalı;Sosyal medyada daha aktif olunmalı;Gençlik programları oluşturulmalı","Orta seviyede","Evet","Çok önemli","Orta düzeyde","İnsan hakları;Hayvan hakları","Kararsızım","Kısmen destekliyorum","Kesinlikle evet","Gönüllü olarak çalışmak;Etkinliklere katılmak;Bilgi paylaşımı veya önerilerde bulunmak","Kişisel gelişim","LÖSEV (Lösemili Çocuklar Vakfı);Türk Kanser Derneği;Kanser Savaşçıları Derneği","Hayır","Hiç duymadım","Hayır, hiç görmedim.","Dayanışma ve yardımlaşma","Hayır, logo KİTVAK'ın amacını tam olarak yansıtmıyor.","Kesinlikle evet","Açan Çiçek (KİTVAK'ın hastalara sunduğu umut ve iyileşme sürecini vurgular)."
"2024/12/12 5:46:16 ÖS GMT+3","18-24","Kadın","Üniversite","Ege","Öğrenci","0-5.000 TL","Orta düzeyde","Yönetim sorunları","Daha fazla reklam ve tanıtım yapmalı;İş birliği artırma;Dijital katılımı iyileştirilmeli;Öğrenci liderliğindeki girişimleri kolaylaştırmalı;Eğitim ortaklıkları geliştirilmeli;Kampüs varlığı güçlendirilmeli;Liderliği ve yeniliği teşvik etmeli;Gönüllüleri tanıtmalı ve motive etmeli;Esnek gönüllü seçenekleri sunmalı","Orta düzeyde","Dijital katılım iyileştirilmeli;Öğrenci liderliğindeki girişimler kolaylaştırılmalı;Kampüs varlığı güçlendirilmeli;Liderliği ve yeniliği teşvik etmeli;Esnek gönüllü seçenekleri sunulmalı;Sosyal medyada daha aktif olunmalı;Etkinlik düzenlenmeli;Gençlik programları oluşturulmalı","Az güveniyor","Evet","Önemli","Başarısız","Çevre;Eğitim;Sağlık;İnsan hakları;Hayvan hakları","Evet","Kısmen destekliyorum","Kesinlikle evet","Gönüllü olarak çalışmak;Etkinliklere katılmak;Bilgi paylaşımı veya önerilerde bulunmak","Yardım etme isteği","LÖSEV (Lösemili Çocuklar Vakfı);Türk Kanser Derneği","Hayır","Hiç duymadım","Hayır, hiç görmedim.","Dayanışma ve yardımlaşma","Hayır, logo KİTVAK'ın amacını tam olarak yansıtmıyor.","Kesinlikle evet","Kalp simgesi (sevgi, şefkat ve yaşamı simgelemek için)."
"2024/12/12 5:52:59 ÖS GMT+3","18-24","Kadın","Üniversite","Ege","Çalışmıyorum","0-5.000 TL","Orta düzeyde","Yönetim sorunları","Dijital katılımı iyileştirilmeli;Öğrenci liderliğindeki girişimleri kolaylaştırmalı;Eğitim ortaklıkları geliştirilmeli;Kampüs varlığı güçlendirilmeli;Gönüllüleri tanıtmalı ve motive etmeli","Az etkili","Dijital katılım iyileştirilmeli;Öğrenci liderliğindeki girişimler kolaylaştırılmalı;Eğitim ortaklıkları geliştirilmeli;Kampüs varlığı güçlendirilmeli;Sosyal medyada daha aktif olunmalı;Etkinlik düzenlenmeli;Gençlik programları oluşturulmalı","Orta seviyede","Evet","Önemli","Orta düzeyde","Eğitim;İnsan hakları;Hayvan hakları","Evet","Tamamen destekliyorum","Evet","Etkinliklere katılmak;Sosyal medyada paylaşım yapmak;Bilgi paylaşımı veya önerilerde bulunmak","Yardım etme isteği","LÖSEV (Lösemili Çocuklar Vakfı);KAÇUV (Kanserli Çocuklara Umut Vakfı);Türk Kanser Derneği;Kanser Savaşçıları Derneği;TÜRKÖK (Türkiye Kök Hücre Koordinasyon Merkezi)","Hayır","Hiç duymadım","Evet, ama nerede gördüğümü hatırlamıyorum.","Dayanışma ve yardımlaşma","Evet, logo KİTVAK'ın amacını açıkça yansıtıyor.","Kararsızım","DNA sarmalı (KİTVAK’ın bilimsel ve tıbbi kimliğini vurgular)."
"2024/12/12 6:09:49 ÖS GMT+3","18-24","Kadın","Üniversite","Ege","Öğrenci","0-5.000 TL","Etkili","Bağış eksikliği","Daha fazla reklam ve tanıtım yapmalı;İş birliği artırma;Dijital katılımı iyileştirilmeli;Öğrenci liderliğindeki girişimleri kolaylaştırmalı;Gönüllüleri tanıtmalı ve motive etmeli;Esnek gönüllü seçenekleri sunmalı","Etkili","Dijital katılım iyileştirilmeli;Öğrenci liderliğindeki girişimler kolaylaştırılmalı;Kampüs varlığı güçlendirilmeli;Esnek gönüllü seçenekleri sunulmalı;Sosyal medyada daha aktif olunmalı;Etkinlik düzenlenmeli;Gençlik programları oluşturulmalı","Orta seviyede","Evet","Önemli","Orta düzeyde","İnsan hakları;Hayvan hakları","Evet","Kısmen destekliyorum","Kesinlikle evet","Maddi bağış;Sosyal medyada paylaşım yapmak;Bilgi paylaşımı veya önerilerde bulunmak","Yardım etme isteği","LÖSEV (Lösemili Çocuklar Vakfı)","Hayır","Hiç duymadım","Hayır, hiç görmedim.","Hiçbir şey çağrıştırmıyor","Hayır, logo KİTVAK'ın amacını tam olarak yansıtmıyor.","Kesinlikle evet","DNA sarmalı (KİTVAK’ın bilimsel ve tıbbi kimliğini vurgular)."
"2024/12/13 9:16:07 ÖÖ GMT+3","35-44","Erkek","Lise","Ege","Çalışıyorum","30.000 TL ve üzeri","Orta düzeyde","Devlet desteği azlığı","İş birliği artırma","Az etkili","Dijital katılım iyileştirilmeli","Az güveniyor","Kararsızım","Önemli","Başarısız","Sağlık","Evet","Tamamen destekliyorum","Evet","Bilgi paylaşımı veya önerilerde bulunmak","Kişisel gelişim","LÖSEV (Lösemili Çocuklar Vakfı)","Hayır","Hiç duymadım","Hayır, hiç görmedim.","Dayanışma ve yardımlaşma","Kısmen, bazı unsurlar açıklayıcı ama daha fazla netlik eklenebilir.","Kararsızım","Kalp simgesi (sevgi, şefkat ve yaşamı simgelemek için)."
"2024/12/13 1:35:49 ÖS GMT+3","35-44","Erkek","Lise","Ege","Çalışıyorum","30.000 TL ve üzeri","Orta düzeyde","Devlet desteği azlığı","Daha fazla reklam ve tanıtım yapmalı;Dijital katılımı iyileştirilmeli","Etkili","Dijital katılım iyileştirilmeli;Kampüs varlığı güçlendirilmeli;Sosyal medyada daha aktif olunmalı","Güveniyor","Evet","Çok önemli","Orta düzeyde","Çevre;Sağlık;Hayvan hakları","Evet","Tamamen destekliyorum","Kesinlikle evet","Maddi bağış;Gönüllü olarak çalışmak;Sosyal medyada paylaşım yapmak","Topluma katkıda bulunma","LÖSEV (Lösemili Çocuklar Vakfı);Türk Kanser Derneği;TÜRKÖK (Türkiye Kök Hücre Koordinasyon Merkezi)","Hayır","Hiç duymadım","Hayır, hiç görmedim.","Dayanışma ve yardımlaşma","Hayır, logo KİTVAK'ın amacını tam olarak yansıtmıyor.","Kararsızım","Elleri içeren bir sembol (hastalara ve ailelerine verilen desteği temsil eder)."
"2024/12/13 1:36:51 ÖS GMT+3","35-44","Erkek","Üniversite","Ege","Çalışıyorum","30.000 TL ve üzeri","Hiç etkili değil","Organizasyon eksikliği","Daha fazla reklam ve tanıtım yapmalı;İş birliği artırma;Dijital katılımı iyileştirilmeli;Öğrenci liderliğindeki girişimleri kolaylaştırmalı;Eğitim ortaklıkları geliştirilmeli;Kampüs varlığı güçlendirilmeli;Liderliği ve yeniliği teşvik etmeli;Gönüllüleri tanıtmalı ve motive etmeli;Esnek gönüllü seçenekleri sunmalı","Az etkili","Gönüllük esas alınarak, faydalı olmanın hissini yaygınlaştırmak, buda stk gelirinin iyi finans e edilmesi ve devamlılığı ile olur.iyi organize olmuş, iyi yönetilen, şeffaf , denetlenebilir, yenilenen genç kadro ile disiplinli , cesur, aidiyet kavramı geliştirilmelidir.","Az güveniyor","Kararsızım","Çok önemli","Çok başarısız","Çevre;Eğitim;Sağlık;İnsan hakları;Şeffat yönetim, denetlebilir devlet kurumları, vergi de adalet, eşitlik,, ödül/ceza kavramları","Evet","Desteklemiyorum","Kesinlikle evet","Maddi bağış;Gönüllü olarak çalışmak;Etkinliklere katılmak;Bilgi paylaşımı veya önerilerde bulunmak","Yardım etme isteği","LÖSEV (Lösemili Çocuklar Vakfı);Türk Kanser Derneği","Hayır","Hiç duymadım","Hayır, hiç görmedim.","Hiçbir şey çağrıştırmıyor","Hayır, logo KİTVAK'ın amacını tam olarak yansıtmıyor.","Kararsızım","İlgi , bilgi alanım dışında,"
"2024/12/13 2:28:06 ÖS GMT+3","35-44","Erkek","Üniversite","Ege","Perakende Mağazacılık ","30.000 TL ve üzeri","Orta düzeyde","Devlet desteği azlığı","Daha fazla reklam ve tanıtım yapmalı;İş birliği artırma;Dijital katılımı iyileştirilmeli;Gönüllüleri tanıtmalı ve motive etmeli","Az etkili","Dijital katılım iyileştirilmeli;Öğrenci liderliğindeki girişimler kolaylaştırılmalı;Eğitim ortaklıkları geliştirilmeli;Kampüs varlığı güçlendirilmeli;Liderliği ve yeniliği teşvik etmeli;Esnek gönüllü seçenekleri sunulmalı;Sosyal medyada daha aktif olunmalı;Etkinlik düzenlenmeli;Gençlik programları oluşturulmalı","Orta seviyede","Evet","Önemli","Orta düzeyde","Çevre;Eğitim;Sağlık;İnsan hakları;Hayvan hakları","Evet","Kararsızım","Kesinlikle evet","Maddi bağış;Sosyal medyada paylaşım yapmak","Topluma katkıda bulunma","LÖSEV (Lösemili Çocuklar Vakfı);Türk Kanser Derneği;TÜRKÖK (Türkiye Kök Hücre Koordinasyon Merkezi)","Hayır","Hiç duymadım","Hayır, hiç görmedim.","Dayanışma ve yardımlaşma","Hayır, logo KİTVAK'ın amacını tam olarak yansıtmıyor.","Evet","DNA sarmalı (KİTVAK’ın bilimsel ve tıbbi kimliğini vurgular)."
"2024/12/13 4:03:11 ÖS GMT+3","45-54","Erkek","Üniversite","Ege","Çalışıyorum","30.000 TL ve üzeri","Hiç etkili değil","STK lara toplumun bakiş açısı ","İş birliği artırma;Dijital katılımı iyileştirilmeli","Az etkili","Dijital katılım iyileştirilmeli;Öğrenci liderliğindeki girişimler kolaylaştırılmalı;Sosyal medyada daha aktif olunmalı;Gençlik programları oluşturulmalı","Az güveniyor","Evet","Önemli","Başarısız","Çevre;Eğitim;Sağlık;İnsan hakları;Hayvan hakları","Evet","Tamamen destekliyorum","Kesinlikle evet","Gönüllü olarak çalışmak;Etkinliklere katılmak;Sosyal medyada paylaşım yapmak;Bilgi paylaşımı veya önerilerde bulunmak","Topluma katkıda bulunma","LÖSEV (Lösemili Çocuklar Vakfı);Türk Kanser Derneği","Hayır","Hiç duymadım","Hayır, hiç görmedim.","Dayanışma ve yardımlaşma","Hayır, logo KİTVAK'ın amacını tam olarak yansıtmıyor.","Kesinlikle evet","DNA sarmalı (KİTVAK’ın bilimsel ve tıbbi kimliğini vurgular)."
"2024/12/13 4:34:53 ÖS GMT+3","25-34","Kadın","Lise","Ege","Çalışmıyorum","10.000-20.000 TL","Hiç etkili değil","Yönetim sorunları","Liderliği ve yeniliği teşvik etmeli","Az etkili","Liderliği ve yeniliği teşvik etmeli","Orta seviyede","Evet","Orta düzeyde","Orta düzeyde","İnsan hakları","Evet","Kararsızım","Kesinlikle evet","Bilgi paylaşımı veya önerilerde bulunmak","Topluma katkıda bulunma","LÖSEV (Lösemili Çocuklar Vakfı)","Evet","Sosyal medya (Instagram, Facebook, Twitter, LinkedIn vb.)","Evet, ama nerede gördüğümü hatırlamıyorum.","Sağlık ve şifa","Evet, logo KİTVAK'ın amacını açıkça yansıtıyor.","Kararsızım","Elleri içeren bir sembol (hastalara ve ailelerine verilen desteği temsil eder)."
"2024/12/13 6:17:03 ÖS GMT+3","25-34","Kadın","Lise","Ege","Çalışmıyorum","20.000-30.000 TL","Hiç etkili değil","Yönetim sorunları","Daha fazla reklam ve tanıtım yapmalı","Hiç etkili değil","Sosyal medyada daha aktif olunmalı;Gençlik programları oluşturulmalı","Az güveniyor","Kararsızım","Önemli","Orta düzeyde","Eğitim;Sağlık;İnsan hakları","Evet","Tamamen destekliyorum","Evet","Etkinliklere katılmak","Topluma katkıda bulunma","LÖSEV (Lösemili Çocuklar Vakfı);KAÇUV (Kanserli Çocuklara Umut Vakfı)","Hayır","Hiç duymadım","Evet, ama nerede gördüğümü hatırlamıyorum.","Dayanışma ve yardımlaşma","Kısmen, bazı unsurlar açıklayıcı ama daha fazla netlik eklenebilir.","Kararsızım","Açan Çiçek (KİTVAK'ın hastalara sunduğu umut ve iyileşme sürecini vurgular)."
"2024/12/13 8:58:52 ÖS GMT+3","25-34","Erkek","Üniversite","Ege","Çalışıyorum","30.000 TL ve üzeri","Orta düzeyde","Devlet desteği azlığı","Daha fazla reklam ve tanıtım yapmalı","Orta düzeyde","Esnek gönüllü seçenekleri sunulmalı","Orta seviyede","Evet","Önemli","Başarılı","İnsan hakları","Evet","Kısmen destekliyorum","Evet","Etkinliklere katılmak","Topluma katkıda bulunma","LÖSEV (Lösemili Çocuklar Vakfı)","Hayır","Hiç duymadım","Hayır, hiç görmedim.","Hiçbir şey çağrıştırmıyor","Hayır, logo KİTVAK'ın amacını tam olarak yansıtmıyor.","Evet","Kalp simgesi (sevgi, şefkat ve yaşamı simgelemek için)."
"2024/12/15 3:26:59 ÖS GMT+3","45-54","Kadın","Lise","Akdeniz","Emekli","20.000-30.000 TL","Orta düzeyde","Bağış eksikliği","Daha fazla reklam ve tanıtım yapmalı;Kampüs varlığı güçlendirilmeli;Gönüllüleri tanıtmalı ve motive etmeli;Esnek gönüllü seçenekleri sunmalı","Orta düzeyde","Dijital katılım iyileştirilmeli;Sosyal medyada daha aktif olunmalı;Etkinlik düzenlenmeli","Az güveniyor","Evet","Çok önemli","Başarısız","Çevre;Eğitim;Sağlık;İnsan hakları;Hayvan hakları","Evet","Kısmen destekliyorum","Kararsızım","Sosyal medyada paylaşım yapmak","Yardım etme isteği","LÖSEV (Lösemili Çocuklar Vakfı);Türk Kanser Derneği;Kanser Savaşçıları Derneği","Hayır","Hiç duymadım","Hayır, hiç görmedim.","Sağlık ve şifa","Kısmen, bazı unsurlar açıklayıcı ama daha fazla netlik eklenebilir.","Evet","DNA sarmalı (KİTVAK’ın bilimsel ve tıbbi kimliğini vurgular)."
"2024/12/17 3:36:45 ÖS GMT+3","25-34","Erkek","Üniversite","Ege","Çalışıyorum","30.000 TL ve üzeri","Az etkili","Kaynak yetersizliği","Kampüs varlığı güçlendirilmeli;Liderliği ve yeniliği teşvik etmeli;Gönüllüleri tanıtmalı ve motive etmeli","Etkili","Dijital katılım iyileştirilmeli;Eğitim ortaklıkları geliştirilmeli;Kampüs varlığı güçlendirilmeli;Liderliği ve yeniliği teşvik etmeli;Gençlik programları oluşturulmalı","Hiç güvenmiyor","Evet","Orta düzeyde","Başarısız","Çevre;Eğitim;Sağlık;İnsan hakları","Kararsızım","Kısmen destekliyorum","Evet","Sosyal medyada paylaşım yapmak","Yardım etme isteği","LÖSEV (Lösemili Çocuklar Vakfı);Türk Kanser Derneği","Hayır","Hiç duymadım","Hayır, hiç görmedim.","Hiçbir şey çağrıştırmıyor","Hayır, logo KİTVAK'ın amacını tam olarak yansıtmıyor.","Kararsızım","Kalp simgesi (sevgi, şefkat ve yaşamı simgelemek için)."
"2024/12/17 3:39:36 ÖS GMT+3","25-34","Kadın","Üniversite","Ege","Çalışıyorum","30.000 TL ve üzeri","Orta düzeyde","Devlet desteği azlığı","Kampüs varlığı güçlendirilmeli;Gönüllüleri tanıtmalı ve motive etmeli;Esnek gönüllü seçenekleri sunmalı","Orta düzeyde","Dijital katılım iyileştirilmeli;Sosyal medyada daha aktif olunmalı;Etkinlik düzenlenmeli","Güveniyor","Evet","Çok önemli","Başarılı","Hayvan hakları","Kararsızım","Tamamen destekliyorum","Kesinlikle evet","Gönüllü olarak çalışmak;Etkinliklere katılmak","Topluma katkıda bulunma","LÖSEV (Lösemili Çocuklar Vakfı)","Hayır","Hiç duymadım","Hayır, hiç görmedim.","Dayanışma ve yardımlaşma","Kısmen, bazı unsurlar açıklayıcı ama daha fazla netlik eklenebilir.","Kararsızım","DNA sarmalı (KİTVAK’ın bilimsel ve tıbbi kimliğini vurgular)."
"2024/12/17 3:53:59 ÖS GMT+3","25-34","Kadın","Üniversite","Ege","Öğrenci","0-5.000 TL","Etkili","Bağış eksikliği","Daha fazla reklam ve tanıtım yapmalı;İş birliği artırma","Etkili","Dijital katılım iyileştirilmeli;Öğrenci liderliğindeki girişimler kolaylaştırılmalı;Kampüs varlığı güçlendirilmeli;Esnek gönüllü seçenekleri sunulmalı;Sosyal medyada daha aktif olunmalı;Gençlik programları oluşturulmalı","Az güveniyor","Evet","Önemli","Orta düzeyde","Çevre;Eğitim;Sağlık","Evet","Kısmen destekliyorum","Kesinlikle evet","Etkinliklere katılmak;Bilgi paylaşımı veya önerilerde bulunmak","Sosyal çevre oluşturma","LÖSEV (Lösemili Çocuklar Vakfı);TÜRKÖK (Türkiye Kök Hücre Koordinasyon Merkezi)","Hayır","Hiç duymadım","Hayır, hiç görmedim.","Hiçbir şey çağrıştırmıyor","Hayır, logo KİTVAK'ın amacını tam olarak yansıtmıyor.","Evet","Elleri içeren bir sembol (hastalara ve ailelerine verilen desteği temsil eder)."
"2024/12/17 4:06:25 ÖS GMT+3","18-24","Erkek","Üniversite","Ege","Çalışıyorum","30.000 TL ve üzeri","Az etkili","Bağış eksikliği","İş birliği artırma;Dijital katılımı iyileştirilmeli;Eğitim ortaklıkları geliştirilmeli;Liderliği ve yeniliği teşvik etmeli","Az etkili","Eğitim ortaklıkları geliştirilmeli;Kampüs varlığı güçlendirilmeli;Liderliği ve yeniliği teşvik etmeli;Sosyal medyada daha aktif olunmalı;Gençlik programları oluşturulmalı","Orta seviyede","Evet","Çok önemli","Orta düzeyde","Eğitim","Evet","Kısmen destekliyorum","Kesinlikle evet","Etkinliklere katılmak;Sosyal medyada paylaşım yapmak;Bilgi paylaşımı veya önerilerde bulunmak","Kişisel gelişim","LÖSEV (Lösemili Çocuklar Vakfı);Türk Kanser Derneği","Hayır","Hiç duymadım","Hayır, hiç görmedim.","Dayanışma ve yardımlaşma","Kısmen, bazı unsurlar açıklayıcı ama daha fazla netlik eklenebilir.","Kararsızım","DNA sarmalı (KİTVAK’ın bilimsel ve tıbbi kimliğini vurgular)."
"2024/12/17 4:32:25 ÖS GMT+3","25-34","Erkek","Üniversite","Ege","Çalışıyorum","30.000 TL ve üzeri","Az etkili","Kaynak yetersizliği","Esnek gönüllü seçenekleri sunmalı","Etkili","Dijital katılım iyileştirilmeli;Öğrenci liderliğindeki girişimler kolaylaştırılmalı;Eğitim ortaklıkları geliştirilmeli;Kampüs varlığı güçlendirilmeli;Esnek gönüllü seçenekleri sunulmalı;Sosyal medyada daha aktif olunmalı;Etkinlik düzenlenmeli;Gençlik programları oluşturulmalı","Güveniyor","Evet","Önemli","Orta düzeyde","Eğitim;Sağlık;İnsan hakları","Evet","Kısmen destekliyorum","Kesinlikle evet","Maddi bağış;Gönüllü olarak çalışmak;Etkinliklere katılmak","Topluma katkıda bulunma","LÖSEV (Lösemili Çocuklar Vakfı);Türk Kanser Derneği","Hayır","Hiç duymadım","Hayır, hiç görmedim.","Hiçbir şey çağrıştırmıyor","Hayır, logo KİTVAK'ın amacını tam olarak yansıtmıyor.","Kesinlikle evet","Kalp simgesi (sevgi, şefkat ve yaşamı simgelemek için)."
"2024/12/17 7:05:14 ÖS GMT+3","25-34","Kadın","Üniversite","Ege","Çalışıyorum","30.000 TL ve üzeri","Etkili","Devlet desteği azlığı","Eğitim ortaklıkları geliştirilmeli","Etkili","Öğrenci liderliğindeki girişimler kolaylaştırılmalı;Eğitim ortaklıkları geliştirilmeli;Liderliği ve yeniliği teşvik etmeli;Etkinlik düzenlenmeli","Güveniyor","Evet","Önemli","Başarılı","İnsan hakları","Kararsızım","Tamamen destekliyorum","Evet","Gönüllü olarak çalışmak;Etkinliklere katılmak","Topluma katkıda bulunma","LÖSEV (Lösemili Çocuklar Vakfı);Türk Kanser Derneği","Hayır","Haberler veya basın yayın organları (gazete, dergi, internet haber siteleri)","Hayır, hiç görmedim.","Güven ve profesyonellik","Hayır, logo KİTVAK'ın amacını tam olarak yansıtmıyor.","Hayır","Kalp simgesi (sevgi, şefkat ve yaşamı simgelemek için)."
"2024/12/17 7:14:53 ÖS GMT+3","25-34","Erkek","Üniversite","Ege","Çalışıyorum","30.000 TL ve üzeri","Orta düzeyde","Devlet desteği azlığı","İş birliği artırma;Dijital katılımı iyileştirilmeli;Öğrenci liderliğindeki girişimleri kolaylaştırmalı;Eğitim ortaklıkları geliştirilmeli;Kampüs varlığı güçlendirilmeli;Liderliği ve yeniliği teşvik etmeli;Gönüllüleri tanıtmalı ve motive etmeli;Esnek gönüllü seçenekleri sunmalı","Çok etkili","Dijital katılım iyileştirilmeli;Öğrenci liderliğindeki girişimler kolaylaştırılmalı;Kampüs varlığı güçlendirilmeli;Esnek gönüllü seçenekleri sunulmalı;Sosyal medyada daha aktif olunmalı;Etkinlik düzenlenmeli;Gençlik programları oluşturulmalı","Az güveniyor","Evet","Çok önemli","Başarısız","Eğitim;İnsan hakları;Hayvan hakları","Evet","Tamamen destekliyorum","Kesinlikle evet","Maddi bağış","Kişisel gelişim","LÖSEV (Lösemili Çocuklar Vakfı);Türk Kanser Derneği","Hayır","Hiç duymadım","Evet, ama nerede gördüğümü hatırlamıyorum.","Dayanışma ve yardımlaşma","Kısmen, bazı unsurlar açıklayıcı ama daha fazla netlik eklenebilir.","Kararsızım","Açan Çiçek (KİTVAK'ın hastalara sunduğu umut ve iyileşme sürecini vurgular)."
"2024/12/17 7:15:03 ÖS GMT+3","35-44","Erkek","Üniversite","Ege","Çalışıyorum","30.000 TL ve üzeri","Hiç etkili değil","Kaynak yetersizliği","Daha fazla reklam ve tanıtım yapmalı;Esnek gönüllü seçenekleri sunmalı","Orta düzeyde","Sosyal medyada daha aktif olunmalı","Orta seviyede","Evet","Önemli","Orta düzeyde","Çevre;Eğitim;Sağlık;İnsan hakları;Hayvan hakları","Evet","Desteklemiyorum","Evet","Maddi bağış","Yardım etme isteği","LÖSEV (Lösemili Çocuklar Vakfı);Türk Kanser Derneği","Hayır","Hiç duymadım","Hayır, hiç görmedim.","Hiçbir şey çağrıştırmıyor","Hayır, logo KİTVAK'ın amacını tam olarak yansıtmıyor.","Kararsızım","Elleri içeren bir sembol (hastalara ve ailelerine verilen desteği temsil eder)."
"2024/12/17 7:31:43 ÖS GMT+3","25-34","Kadın","Üniversite","Ege","Lojistik","0-5.000 TL","Etkili","Devlet desteği azlığı","Eğitim ortaklıkları geliştirilmeli","Etkili","Gençlik programları oluşturulmalı","Orta seviyede","Evet","Çok önemli","Orta düzeyde","Çevre;Eğitim;Sağlık;İnsan hakları;Hayvan hakları","Evet","Tamamen destekliyorum","Kesinlikle evet","Maddi bağış","Topluma katkıda bulunma","LÖSEV (Lösemili Çocuklar Vakfı);KAÇUV (Kanserli Çocuklara Umut Vakfı);TÜRKÖK (Türkiye Kök Hücre Koordinasyon Merkezi)","Hayır","Hiç duymadım","Hayır, hiç görmedim.","Hiçbir şey çağrıştırmıyor","Kısmen, bazı unsurlar açıklayıcı ama daha fazla netlik eklenebilir.","Evet","DNA sarmalı (KİTVAK’ın bilimsel ve tıbbi kimliğini vurgular)."
"2024/12/17 8:18:58 ÖS GMT+3","45-54","Kadın","Lise","Ege","Emekli","10.000-20.000 TL","Etkili","Kaynak yetersizliği","Daha fazla reklam ve tanıtım yapmalı;İş birliği artırma;Dijital katılımı iyileştirilmeli","Etkili","Dijital katılım iyileştirilmeli;Öğrenci liderliğindeki girişimler kolaylaştırılmalı;Eğitim ortaklıkları geliştirilmeli;Kampüs varlığı güçlendirilmeli","Orta seviyede","Evet","Önemli","Orta düzeyde","Çevre;Eğitim;Sağlık;İnsan hakları;Hayvan hakları","Evet","Tamamen destekliyorum","Kesinlikle evet","Maddi bağış;Gönüllü olarak çalışmak;Etkinliklere katılmak","Topluma katkıda bulunma","LÖSEV (Lösemili Çocuklar Vakfı);KİTVAK (Kemik İliği Transplantasyon ve Onkoloji Merkezi Kurma ve Geliştirme Vakfı)","Evet","Üniversiteler veya eğitim kurumları","Hayır, hiç görmedim.","Dayanışma ve yardımlaşma","Hayır, logo KİTVAK'ın amacını tam olarak yansıtmıyor.","Kesinlikle evet","DNA sarmalı (KİTVAK’ın bilimsel ve tıbbi kimliğini vurgular)."
"2024/12/18 6:30:12 ÖS GMT+3","45-54","Kadın","Üniversite","Marmara","Pazarlama","30.000 TL ve üzeri","Orta düzeyde","Bağış eksikliği","Daha fazla reklam ve tanıtım yapmalı;İş birliği artırma;Kampüs varlığı güçlendirilmeli;Liderliği ve yeniliği teşvik etmeli","Orta düzeyde","Dijital katılım iyileştirilmeli;Kampüs varlığı güçlendirilmeli;Etkinlik düzenlenmeli;Gençlik programları oluşturulmalı","Orta seviyede","Evet","Çok önemli","Orta düzeyde","Çevre;Eğitim;İnsan hakları;Hayvan hakları","Kararsızım","Kısmen destekliyorum","Kesinlikle evet","Maddi bağış;Etkinliklere katılmak;Sosyal medyada paylaşım yapmak;Bilgi paylaşımı veya önerilerde bulunmak","Topluma katkıda bulunma","LÖSEV (Lösemili Çocuklar Vakfı);Türk Kanser Derneği;Kanser Savaşçıları Derneği","Hayır","Hiç duymadım","Hayır, hiç görmedim.","Dayanışma ve yardımlaşma","Kısmen, bazı unsurlar açıklayıcı ama daha fazla netlik eklenebilir.","Kararsızım","Elleri içeren bir sembol (hastalara ve ailelerine verilen desteği temsil eder)."
"2024/12/18 6:33:28 ÖS GMT+3","25-34","Erkek","Yüksek Lisans","Marmara","İletişim-Pazarlama","30.000 TL ve üzeri","Orta düzeyde","Yönetim sorunları","Daha fazla reklam ve tanıtım yapmalı;İş birliği artırma;Liderliği ve yeniliği teşvik etmeli","Etkili","Dijital katılım iyileştirilmeli;Eğitim ortaklıkları geliştirilmeli;Kampüs varlığı güçlendirilmeli;Sosyal medyada daha aktif olunmalı;Etkinlik düzenlenmeli;Gençlik programları oluşturulmalı","Az güveniyor","Kararsızım","Orta düzeyde","Orta düzeyde","Çevre;Sağlık;İnsan hakları","Kararsızım","Kararsızım","Kesinlikle evet","Maddi bağış;Sosyal medyada paylaşım yapmak","Kişisel gelişim","LÖSEV (Lösemili Çocuklar Vakfı);KAÇUV (Kanserli Çocuklara Umut Vakfı);Türk Kanser Derneği","Hayır","Hiç duymadım","Hayır, hiç görmedim.","Dayanışma ve yardımlaşma","Kısmen, bazı unsurlar açıklayıcı ama daha fazla netlik eklenebilir.","Kararsızım","Elleri içeren bir sembol (hastalara ve ailelerine verilen desteği temsil eder)."
"2024/12/24 7:28:52 ÖS GMT+3","18-24","Kadın","Üniversite","Ege","Öğrenci","5.000-10.000 TL","Hiç etkili değil","Devlet desteği azlığı","İş birliği artırma;Öğrenci liderliğindeki girişimleri kolaylaştırmalı;Eğitim ortaklıkları geliştirilmeli;Kampüs varlığı güçlendirilmeli;Liderliği ve yeniliği teşvik etmeli;Gönüllüleri tanıtmalı ve motive etmeli","Orta düzeyde","Öğrenci liderliğindeki girişimler kolaylaştırılmalı;Eğitim ortaklıkları geliştirilmeli;Kampüs varlığı güçlendirilmeli;Liderliği ve yeniliği teşvik etmeli;Etkinlik düzenlenmeli","Az güveniyor","Kararsızım","Az önemli","Orta düzeyde","Çevre;Eğitim;Sağlık;İnsan hakları;Hayvan hakları","Evet","Kısmen destekliyorum","Evet","Etkinliklere katılmak;Sosyal medyada paylaşım yapmak;Bilgi paylaşımı veya önerilerde bulunmak","Kişisel gelişim","LÖSEV (Lösemili Çocuklar Vakfı);KAÇUV (Kanserli Çocuklara Umut Vakfı)","Hayır","Hiç duymadım","Hayır, hiç görmedim.","Dayanışma ve yardımlaşma","Evet, logo KİTVAK'ın amacını açıkça yansıtıyor.","Kararsızım","DNA sarmalı (KİTVAK’ın bilimsel ve tıbbi kimliğini vurgular)."
"2024/12/25 11:00:02 ÖÖ GMT+3","18-24","Kadın","Üniversite","Ege","Öğrenci","30.000 TL ve üzeri","Etkili","Devlet desteği azlığı","Daha fazla reklam ve tanıtım yapmalı;İş birliği artırma;Dijital katılımı iyileştirilmeli","Etkili","Dijital katılım iyileştirilmeli;Etkinlik düzenlenmeli","Orta seviyede","Evet","Çok önemli","Başarılı","Çevre;Eğitim;İnsan hakları;Hayvan hakları","Kararsızım","Tamamen destekliyorum","Kesinlikle evet","Maddi bağış;Sosyal medyada paylaşım yapmak","Yardım etme isteği","LÖSEV (Lösemili Çocuklar Vakfı);KAÇUV (Kanserli Çocuklara Umut Vakfı);Türk Kanser Derneği","Hayır","Hiç duymadım","Hayır, hiç görmedim.","Dayanışma ve yardımlaşma","Kısmen, bazı unsurlar açıklayıcı ama daha fazla netlik eklenebilir.","Kararsızım","Açan Çiçek (KİTVAK'ın hastalara sunduğu umut ve iyileşme sürecini vurgular)."
"2024/12/25 11:00:46 ÖÖ GMT+3","18-24","Kadın","Üniversite","Ege","Öğrenci","5.000-10.000 TL","Etkili","Devlet desteği azlığı","Daha fazla reklam ve tanıtım yapmalı;İş birliği artırma;Öğrenci liderliğindeki girişimleri kolaylaştırmalı;Esnek gönüllü seçenekleri sunmalı","Orta düzeyde","Dijital katılım iyileştirilmeli;Öğrenci liderliğindeki girişimler kolaylaştırılmalı;Etkinlik düzenlenmeli","Güveniyor","Evet","Orta düzeyde","Başarılı","Çevre","Kararsızım","Tamamen destekliyorum","Evet","Gönüllü olarak çalışmak;Etkinliklere katılmak","Topluma katkıda bulunma","LÖSEV (Lösemili Çocuklar Vakfı);KAÇUV (Kanserli Çocuklara Umut Vakfı);KİTVAK (Kemik İliği Transplantasyon ve Onkoloji Merkezi Kurma ve Geliştirme Vakfı)","Evet","Hastaneler veya sağlık kuruluşları","Hayır, hiç görmedim.","Sağlık ve şifa","Kısmen, bazı unsurlar açıklayıcı ama daha fazla netlik eklenebilir.","Evet","Açan Çiçek (KİTVAK'ın hastalara sunduğu umut ve iyileşme sürecini vurgular)."